:020000040800F2
:1000000008400124AD020008297F0008017900089A
:10001000217F0008210E0008E19F00080000000079
:10002000000000000000000000000000E98200085D
:100030002113000800000000317F00082985000816
:10004000CB020008CB020008CB020008CB0200085C
:10005000CB020008CB020008CB020008CB0200084C
:10006000CB020008CB020008CB020008890E000872
:10007000990E0008A90E0008B90E0008C90E000864
:10008000CB020008CB020008CB020008CB0200081C
:10009000CB020008CB020008CB020008CB0200080C
:1000A000CB020008CB020008CB020008CB020008FC
:1000B000CB020008CB020008CB020008CB020008EC
:1000C000CB020008CB020008CB020008CB020008DC
:1000D000CB020008CB020008CB020008D19F000829
:1000E000CB020008CB02000800000000CB02000891
:1000F000CB020008CB020008CB020008CB020008AC
:10010000CB020008CB020008CB020008CB0200089B
:10011000CB020008CB020008CB020008CB0200088B
:10012000CB020008CB020008CB020008CB0200087B
:10013000CB020008CB020008CB020008CB0200086B
:1001400000000000000000000000000000000000AF
:10015000CB020008CB020008CB020008CB0200084B
:10016000CB020008CB020008CB020008CB0200083B
:10017000CB020008CB020008CB0200080000000000
:10018000CB020008CB020008CB020008CB0200081B
:10019000CB020008CB020008CB020008CB0200080B
:1001A000CB020008CB020008CB020008CB020008FB
:1001B000CB020008CB020008CB020008CB020008EB
:1001C000CB020008CB020008CB020008CB020008DB
:1001D000CB020008CB020008CB020008CB020008CB
:1001E000CB020008CB020008CB020008CB020008BB
:1001F000CB020008CB020008CB020008CB020008AB
:10020000CB020008CB020008CB020008CB0200089A
:10021000CB020008CB020008CB020008CB0200088A
:10022000CB020008CB020008CB020008000000004F
:10023000CB020008CB02000800000000CB0200083F
:10024000CB020008CB020008CB020008CB0200085A
:10025000CB020008CB020008CB020008CB0200084A
:10026000CB020008CB020008CB020008CB0200083A
:10027000CB020008CB020008CB02000800000000FF
:10028000CB020008CB020008CB02000800000000EF
:1002900000000000CB020008DFF80CD000F0C2FA2A
:1002A0000048004769B0000808400124074880471B
:1002B0000748804707480047FEE7FEE7FEE7FEE7FE
:1002C000FEE7FEE7FEE7FEE7FEE7FEE73113000884
:1002D00009860008990200082DE9F05F0546002014
:1002E00092469B4688460646814640241BE02846A7
:1002F00041464746224600F06BF853465A46C01A1C
:10030000914110D311461846224600F052F82D1A9A
:1003100067EB01084F4622460120002100F049F812
:1003200017EB00094E41201EA4F10104DFDC484612
:1003300031462A464346BDE8F09FD2B201E000F8BC
:10034000012B491EFBD270470022F6E710B5134679
:100350000A4604461946FFF7F0FF204610BD421C2E
:1003600010F8011B0029FBD1801A704730B50446F4
:100370000020034600E05B1C934203D2E05CCD5CAE
:10038000401BF8D030BD30B50B460146002020227E
:10039000012409E021FA02F59D4205D303FA02F592
:1003A000491B04FA02F52844151EA2F10102F1DCF2
:1003B00030BD202A04DB203A00FA02F10020704709
:1003C0009140C2F1200320FA03F319439040704793
:1003D000202A04DB203A21FA02F00021704721FA9A
:1003E00002F3D040C2F12002914008431946704701
:1003F0000029A8BF7047401C490008BF20F0010039
:10040000704710B4B0FA80FC00FA0CF050EA010416
:1004100004BF10BC704749B1CCF1200421FA04F4A8
:1004200011FA0CF118BF012121430843A3EB0C0181
:10043000CB1D4FEA00614FEA102042BF002010BCE4
:10044000704700EBC35010440029A4BF10BC704794
:10045000401C490008BF20F0010010BC7047F0B4F8
:1004600000F0004221F0004120F00040CE0DC30D0D
:10047000C1F3160141F40001C0F316004C421546C9
:1004800040F40000761E09E010EB440002D582F033
:10049000004240428842F7D840005B1EB342F9DA7E
:1004A00018B1F0BC0021FFF7ACBF2846F0BC704784
:1004B0002DE9FE4F804681EA0300C00F0C460090F4
:1004C00021F0004123F00045B8EB0200A94105D21C
:1004D0004046214690461C460B46024623F000400B
:1004E000104347D0270DC7F30A00C3F30A51029007
:1004F000401A019040286BDAC3F3130040F4801BCC
:100500000098924620B10023D2EB030A63EB0B0B59
:1005100001985946C0F140025046FFF74AFF06468F
:100520000D4650465946019A00F08EF910EB08002E
:100530006141002487EA115284EAE7731A4340D0EC
:10054000009A62B3019A012A4FEA075215DC001B98
:1005500061EB02014FF0004202EA0752CDE900428E
:10056000001C41F5801132462B4600F08EF903B095
:10057000BDE8F08F40462146F9E7001B61EB020120
:10058000001C41F5801300185B412018A2F50017EC
:1005900047EB030140EAD570B6196D4111E06D08D3
:1005A0004FEA360645EAC0754FEA0752001B61EB79
:1005B0000201001C41F5801149084FEA3000001982
:1005C000514132462B4603B0BDE8F04F00F04EB922
:1005D0000098012240000023D0EB020263EBE0739D
:1005E000009821464FEAE074B8EB000061EB04018B
:1005F000E9E783F000435BE781F0004158E72DE92C
:10060000FE4F81EA030404F0004421F0004100940D
:100610004FF0000B23F0004350EA01045ED052EA91
:1006200003045BD0C3F30A54C1F30A552C44A4F26B
:10063000F3340194A0FB0254C1F3130141F480117F
:10064000C3F3130343F4801301FB024400FB034E86
:10065000840A970A44EA815447EA8357A4FB07684F
:1006600002958D0A05FB07854FEA932C04FB0C5479
:100670002705029D4FEA065847EA1637B5EB0805ED
:100680006EEB070C870E920E47EA811742EA83123F
:10069000A7FB0201B6EB0B0164EB00042B0D43EA50
:1006A0000C335E1844EB1C50DA465146E7FB02015E
:1006B000C5F313044FEA0B3343EA14534FEA0432F1
:1006C000019C43EA0603A4F10C040294009CCDE9CA
:1006D00000B400F0DAF803B0BDE8F08F0020014666
:1006E000F9E72DE9F04D81EA030404F0004B21F015
:1006F000004514464FF0000A23F0004150EA05027D
:1007000020D054EA01021DD0C5F30A570246C5F3B2
:100710001303C1F31300C1F30A5640F4801543F4E8
:100720008013A7EB0608101BD64608F2FD3873EBC2
:10073000050002D308F1010801E092185B41B8F10D
:10074000000F03DA00200146BDE8F08D00204FF4D1
:100750008011064684460EE0171B73EB050705D390
:10076000121B63EB050306434CEA010C49084FEAF0
:10077000300092185B4150EA0107EDD152EA0300C4
:1007800012D082EA040083EA0501084305D0101B59
:10079000AB4106D20122002306E000224FF00043C5
:1007A00002E06FF0010253101AEB06004CEB085107
:1007B00010EB0A0041EB0B01BDE8F04D00F056B81C
:1007C000C1F30A52C1F3130140F2FF3341F4801127
:1007D0009A4202DA00200146704740F233439A42BF
:1007E000A2F2334202DC5242FFF7F2BDFFF7E1BD55
:1007F00030B5041E71F1000404DB4FF000444042A8
:1008000064EB0101141E73F1000405DB1C464FF07C
:100810000043524263EB0403994208BF904230BD4B
:1008200000207047064C074D06E0E06840F00103E9
:1008300094E8070098471034AC42F6D3FFF730FD38
:10084000E4FD000804FE0008202A06DBCB17203A4E
:1008500041FA02F043EAE07306E041FA02F3D040C5
:10086000C2F12002914008431946704710B5141E8A
:1008700073F1000408DA401C41F1000192185B4159
:100880001A4301D120F0010010BD2DE9F04D924630
:100890009B4611B1B1FA81F202E0B0FA80F2203247
:1008A0009046FFF786FD04460F4640EA0A0041EAFB
:1008B0000B0153465A46084313D0114653EA010030
:1008C00019D0C8F140025046FFF782FD05460E469A
:1008D000504659464246FFF76CFD084305D00120BB
:1008E00004E020463946BDE8F08D0020054346EA85
:1008F000E0762C4337430A986305E40AA0EB08002E
:100900000022FD0A44EA47540A3002D5002001467D
:10091000E9E7010510196941DDE908450019694158
:10092000BDE8F04DA2E730B58C1810F8012B12F09D
:100930000F0301D110F8013B120906D110F8012B69
:1009400003E010F8015B01F8015B5B1EF9D101E0E7
:1009500001F8013B521EFBD1A142E6D3002030BD7D
:10096000C0F3052241F2D821C2F201410A70487059
:1009700008F036BA000000009FED091B41F2D821B3
:1009800020EE010BC2F20141BCEEC00B10EE100ACA
:1009900000BAC1F8020008F023BA00BF00BF00BFD0
:1009A0001EF8C3B12E2E1140B0B50446006842F2C5
:1009B000001140F48070C4F20201884218D142F262
:1009C0000830C4F20200006810F4403F18D005F06F
:1009D0002FFA61680546B1F5803F05D0B1F5403F7B
:1009E0002CD0B1F5003F2AD1080CB5FBF0F526E07C
:1009F00046F20830C5F60200006810F4403FE6D128
:100A00004FF40020002104F0BFF861680546A1F50D
:100A100080224FEAB2420A2A11D8DFE802F0070723
:100A20000707070751535557590000BF6FF00100E2
:100A300000EA5140B5FBF0F501E000BFAD0803F05E
:100A400073FD41F2030188420ED8206842F601513D
:100A5000C0F231118D4281682CBF41F4807121F4C4
:100A600080718160B0BD00BF4BF62140C0F2BE0076
:100A7000854205D82068816821F440718160B0BD4D
:100A800047F64100C0F27D10854207D82068012258
:100A9000816862F309218160B0BD00BF20684FF218
:100AA0008101C0F2FA218D42816805D8022262F3E9
:100AB00009218160B0BD00BF41F440718160B0BDCB
:100AC0002D09BCE76D09BAE7AD09B8E7ED09B6E74E
:100AD0002D0AB4E70000000070B504460068826883
:100AE0008368DB0843EA9202D2076BD0C2689201A6
:100AF00020D5627D012A1DD1227D012A1AD10168EB
:100B0000490612D44DF60441C0F20C0104394FD00D
:100B1000026852065FBF02685FEA426202685FEAEB
:100B2000426202D402685206F0D5402101600121E0
:100B300006E000BF022903D10221082612E000BF0F
:100B4000826852070AD58268920707D44FF6C073AD
:100B50008268C7F6FF731A401032826001294FF095
:100B6000040610D0826812070AD58268920707D45B
:100B70004FF6C0738268C7F6FF731A402032826056
:100B8000032908BF0C2603F0D7FC2168896831428D
:100B900018D0054603E000BF8068304212D003F051
:100BA000CBFC401B06282068F6D381683142F3D085
:100BB000606D40F010006065A06D40F00100A06520
:100BC000012070BD002070BD0146806B426D12F0A7
:100BD000500F426D06D0D20610D4C06CC26C0846CD
:100BE000104700BF42F40071416501680A681207AE
:100BF000CA6805D4910717D000F0F6BE00F050BFC8
:100C000012F4406FF8D1C9688904F5D4416D21F41C
:100C100080714165416DC904EED4416D41F001011F
:100C2000416500F0E1BE00BF416D21F48071416576
:100C3000416DC904E0D4416D41F00101416500F00E
:100C4000D3BE000000000000806B416D41F0400108
:100C50004165816D41F00401816500F021BF000014
:100C6000806B00F011BF0000B0B5016804468868D1
:100C700080078A684FF0000033D412F0010208BFE9
:100C8000B0BD886800F00D0001281FD14FF6C0727A
:100C90008868C7F6FF721040023088600320086041
:100CA00003F04AFC21688968C90701D10020B0BD62
:100CB000054602E08068C00712D003F03DFC401BEF
:100CC00003282068F6D38168C907F3D0606D40F02F
:100CD00010006065A06D40F00100A0650120B0BD6E
:100CE0000020B0BD00000000F0B581B004460068EF
:100CF0008168C90752D14FF6C0778168C7F6FF7780
:100D000007F17F0211420BD0606D40F0100060656A
:100D1000A06D40F00100A065012001B0F0BD00BF52
:100D20008168394041F00101816003F005FC42F225
:100D3000000246F20836C4F20202216802F580730E
:100D400002F54275C5F60206994208BF2E46914249
:100D50000A4608BF2E469942054604BF42F20002E9
:100D6000C4F2020230688A4218BF10F01F0015D189
:100D70000868C00712D18868C00704D18868384065
:100D800040F00100886003F0D7FB401B2168032876
:100D9000EED30868C007EBD1B6E700BF002001B072
:100DA000F0BD000000000000652803D29FED180A86
:100DB000704700BF40F6B731884203D99FED150A4E
:100DC000704700BFA0F1640148F21F5289B2C5F21A
:100DD000EB12A1FB02129FED101A51096FF0630292
:100DE00001FB0200643800EE100A4FF6F430C0F642
:100DF000000000EB8100B8EE400A90ED012A80EE81
:100E0000011A90ED000A32EE402A01EE020A704704
:100E10000A68623E9031A73F0000C842000000000F
:100E2000FEE700000000000010B5846B204601F0D2
:100E300017FA0120207110BD10B5846B204601F017
:100E40004BF90120207110BD10B5846B206940F072
:100E500004002061204601F00BFA0120207110BD32
:100E600010B5846B206940F004002061204601F039
:100E70003BF90120207110BD806B01F0F5B9000035
:100E8000806B01F02DB9000041F2E420C2F2014074
:100E900002F0F2B80000000041F2A050C2F201409E
:100EA00002F0EAB80000000041F21860C2F201400E
:100EB00002F0E2B80000000041F22850C2F2014006
:100EC00002F0DAB80000000041F2B040C2F2014086
:100ED00002F0D2B80000000040F20F42D0F800C08B
:100EE000C4F20202944511DC6F22C4F2020294455E
:100EF00022DC3F22C4F20202944539DC1022C4F203
:100F0000020294455AD0282254E000BF40F26F42BA
:100F1000C4F2020294451BDC40F23F42C4F20202DA
:100F200094452DDC40F21042C4F20202944545D0B3
:100F300040F228423EE000BF9F22C4F202029445E4
:100F400028DC7022C4F20202944537D0882231E0B6
:100F500040F29F42C4F20202944523DC40F2704208
:100F6000C4F20202944529D040F2884222E000BF38
:100F70004022C4F20202944520D058221AE000BF59
:100F800040F24042C4F20202944517D040F2584267
:100F900010E000BFA022C4F2020294450ED0B82295
:100FA00008E000BF40F2B842C4F20202944505D006
:100FB00040F2A042C4F20202944519D16FF00F0230
:100FC0004AF6AB2352FA8CF2CAF6AA23A2FB0331EB
:100FD0000AA35F2AC1F302115B5C40F2FF312CEAE5
:100FE0000101C36588BF043181650846704700BFB1
:100FF0002CF0FF0181650846704700BF00061016FF
:10100000000610160000000070B540F26F44D0F8E2
:1010100000C0C4F20204D0F858E0A4451ADC9F25B1
:10102000C4F20205AC4533DC5725C4F20205AC45D9
:101030005ADC1025C4F20205AC4500F09880282542
:10104000C4F20205AC4500F092804025C4F20205CE
:101050008AE000BF45F22F45C5F60205AC452DDC00
:1010600040F2B745C4F20205AC454BDC40F2704596
:10107000C4F20205AC457AD040F28845C4F20205BC
:10108000AC4574D040F2A045C4F202056CE000BF4C
:1010900040F22745C4F20205AC4543DCA025C4F26A
:1010A0000205AC4563D0B825C4F20205AC455ED05C
:1010B00040F21045C4F2020556E000BF45F26B4510
:1010C000C5F60205AC453FDC45F23045C5F60205E4
:1010D000AC454CD045F24445C5F60205AC4546D07A
:1010E00045F258453EE000BF5825C4F20205AC4524
:1010F0003DD07025C4F20205AC4538D08825C4F235
:10110000020531E040F2B845C4F20205AC452ED0EC
:1011100045F20845C5F60205AC4528D045F21C4508
:1011200020E000BF40F22845C4F20205AC451ED0C5
:1011300040F24045C4F20205AC4518D040F2584593
:10114000C4F2020510E000BF45F26C45C5F6020589
:10115000AC450CD045F29445C5F60205AC4506D029
:1011600045F28045C5F60205AC4540F0D580456E98
:10117000C66E002E866E6E601CBFD0E91C566E6077
:10118000A44515DC9F24C4F20204A4452CDC57249A
:10119000C4F20204A44551DC1024C4F20204A445A4
:1011A0007AD02824C4F20204A44575D040246FE00C
:1011B00045F22F44C5F60204A44529DC40F2B744A9
:1011C000C4F20204A44545DC40F27044C4F20204B7
:1011D000A44561D040F28844C4F20204A4455BD027
:1011E00040F2A04454E000BF40F22744C4F202049D
:1011F000A4453FDCA024C4F20204A4454CD0B8248A
:10120000C4F20204A44547D040F2104440E000BFBD
:1012100045F26B44C5F60204A44555DC45F2304462
:10122000C5F60204A44561D045F24444C5F6020463
:10123000A4455BD045F2584454E000BF5824C4F2A2
:101240000204A44528D07024C4F20204A44523D08B
:1012500088241DE040F2B844C4F20204A4451BD027
:1012600045F20844C5F60204A4453FD045F21C44AB
:1012700038E000BF40F22844C4F20204A4450BD079
:1012800040F24044C4F20204A44505D040F2584460
:10129000C4F20204A4453FD18468C06D00F01F0071
:1012A0003F2505FA00F0CEF80800DCF80000402CDD
:1012B00020F48020CCF80000CCF8043023D0CCF807
:1012C0000810CCF80C2070BD45F26C44C5F6020441
:1012D000A4450BD045F28044C5F60204A44505D0D0
:1012E00045F29444C5F60204A44515D1C46D806846
:1012F00004F01F040125402805FA04F4CEF8044048
:10130000CCF8043004D1CCF80820CCF80C1070BD17
:10131000CCF80810CCF80C2070BD000000000000D4
:10132000704700000000000072B600BFFEE700003A
:1013300044F60400C5F60200816841F002018160B4
:101340000168890409D4016889045CBF01685FEA07
:10135000814102D401688904F2D570470000000081
:1013600070B582B000230193044690F85000012824
:1013700002D1022002B070BD012084F85000204646
:1013800015460E46FFF770FC616D18B141F0100173
:101390004CE000BF41F202124FF6C0739143C3F616
:1013A000FE7302316165216806F4803605F08045E0
:1013B0008A682E4413404FF2FF72C2F2C352334484
:1013C00003F100438B608B68B3F1FF3F2ADC019B84
:1013D00001330193019B93421DD88B68B3F1FF3F0A
:1013E00020DC019B01330193019B934213D88B684E
:1013F000B3F1FF3F16DC019B01330193019B934244
:1014000009D88B68B3F1FF3F0CDC019B01330193DA
:10141000019B9342D7D9606D40F0100020F002018B
:10142000012003E0616D012262F301016165002189
:1014300084F8501002B070BDB0B582B090F8502062
:10144000012A03D10221084602B0B0BD42F208329F
:1014500000230193C4F202020093A2F542740368D0
:10146000A34227D14FF6006C4FF60055CFF6FF7C14
:10147000CFF6FF7552F80C40535923435B0719D43C
:10148000D1F800E01368BEF1000F23F440441DD0F2
:101490004B6823431360535952F80C502B43DB071E
:1014A00022D1136840F61F758968AB4341EA0E01EB
:1014B000194316E0416D41F02001416501210022F0
:1014C00080F85020084602B0B0BD00BF14605159EA
:1014D00052F80C301943C90708D1116840F61F7340
:1014E000994311600021EAE70021E8E70021E6E7DF
:1014F000F0B581B00022009290F85020012A03D16B
:101500000221084601B0F0BD0768012380F8503081
:10151000BB685B0700F1A8810B684FF6FF7CB3F155
:10152000FF3FC0F20F0C11DD93FAA3F413EA0C0F86
:10153000B4FA84F44FF0010208BF9C0E9B0E04F035
:101540001F04A240FC692243FA6100E09B0E4A6836
:101550001F2603F01F03C2F3012402F01F0296406E
:1015600007EB840403FA02F2256B25EA06063243F0
:101570002263BA68BB68DB0843EA9202D2076AD1E9
:101580000A6807258E68C2F34063C2F3045207EB72
:10159000830395405C6906FA02F224EA05052A43B2
:1015A0005A6141F20002C5F60042126802F0704230
:1015B000B2F1805F2AD1D1F814E0FA680E2303EA71
:1015C00052040B69042B40F097803A6E0B6802F0CE
:1015D000F842B2EB836F4FEA836325D13A6E22F073
:1015E00000423A667A6E02F0F8429A4221D0BA6E10
:1015F00002F0F8429A4225D1BA6E22F00042BA6651
:10160000FA6E02F0F8429A4221D024E0FA68D1F84A
:1016100014E0FB68D2064FEA530367D403F00E04CC
:101620000B69042BD1D067E07A6E02F0F8429A423F
:10163000DDD17A6E22F000427A66BA6E02F0F8428C
:101640009A42D9D0FA6E02F0F8429A4203D1FA6E69
:1016500022F00042FA66BA68D2077BD1D1F800E0E6
:101660000023C968D7F8C0200EEA0C04C4F25273F4
:10167000A24301F018042CFA04F603F52D0506EA3E
:101680000E06A94246EA0201C7F8C01040F0958054
:1016900042F20011C4F202018F425DD042F2000119
:1016A000C4F202018F4273D11F21C1F2F0418E4575
:1016B00040F3FC8040F2FF71C2F630618E4540F38A
:1016C000E58040F60001C2F630618E4500F03481BD
:1016D00041F20001C3F260218E4500F01D8100211E
:1016E000C4F221318E4554D02CE100BF03F0080430
:1016F0000B69042B3FF469AF07F160020D680EFA25
:1017000004F605F0F84552F823402E4304F0004457
:10171000264342F823600B694E7E52F82350012E77
:1017200025F0004508BF05F1004542F823500A7E28
:101730000B693E69013A03F01F03B2FA82F226F404
:10174000F0465209D2029A4032433A61BA68D2074F
:101750003FF484AF00218CE01F21C1F2F0418E459F
:1017600000F38E800721C0F690418E4500F3AC80D7
:101770000221C0F230418E4500F0A3800421C0F662
:1017800060018E4540F0DE804023C1F6201300E06A
:10179000002393FAA3F143F6C132B1FA81F1C0F20A
:1017A0000A0213424FF0010208BF990E01F01F0117
:1017B00002FA01F1FA691143F961BEF1FF3F01DD5F
:1017C000002156E042F2000146F2083CC4F2020158
:1017D000C5F6020C01F5807201F54273974262462C
:1017E00008BF1A468F4242F2001408BF1A4647F457
:1017F0008073C4F20204A34213682DD18A68D1F821
:1018000008111143C9072FD1002103F0E074CCF671
:1018100084318E4508BF13F4000165D00021CCF25D
:1018200052718E4508BF13F0807163D0ACF54271E0
:101830008F424FF000011CD10022CCF6B8729645C1
:1018400008BF13F4800214D1DCF8001021F0E0711D
:10185000214341F48001BAE04FF60051CFF6FF7109
:101860005CF80110C907CFD0416D41F020014165FE
:101870000121002280F85020084601B0F0BD00BFD1
:1018800040F2FF71C2F630618E4539DC2021C1F291
:10189000F0418E4546D040F20041C2F600218E450F
:1018A00050D140F60003C2F6306372E70721C0F65C
:1018B00090418E4508DC0221C0F230418E457FF414
:1018C0005DAF012365E700BF0821C0F690418E455A
:1018D0002ED01021C1F2C0018E4533D140F2001349
:1018E000C2F2801355E700BFACF542718F4233D08E
:1018F0000021BEE7ACF542718F4261D00021B8E70C
:1019000040F60001C2F630618E4515D041F200016B
:10191000C3F260218E4515D142F20003C3F29063F9
:1019200037E700BF40F20023C2F2B05331E700BFF7
:101930008023C1F650532CE741F20003C3F2602329
:1019400027E700BF00210023C4F684318E4504BF81
:101950000023C4F6B8731CE7DCF8001042F66352AB
:1019600021F0E071C0F23E52214341F40001CCF875
:10197000001041F28C21C2F2014109688909A1FBE2
:1019800002129109022202EB41010091009919B360
:10199000009901390091009901B300990139009132
:1019A0000099E9B10099013900910099D1B10099EC
:1019B00001390091009900294FF00001E8D158E762
:1019C000DCF8001021F0E071214341F08071CCF887
:1019D000001000214DE700BF00214AE7002148E741
:1019E000002146E7002144E710B5044609F0ACFCAD
:1019F00090B142F200112068C4F2020188422FD057
:101A000042F20001C4F20201884210D10120BDE877
:101A1000104009F0B1BC00BF41F28C30C2F201406D
:101A20000078042804D1204608F006FB00B110BD60
:101A300042F200112068C4F20201884216D042F23C
:101A40000001C4F202018842F1D141F25C30C2F2DD
:101A5000014001780029EAD10121017010BD00BFC9
:101A60000220BDE8104009F087BC00BF41F25C30A5
:101A7000C2F201404178002918BF10BD0121417018
:101A800010BD00000000000041F28C31C2F20141A3
:101A90000978042918BF704708F0EABA000000006E
:101AA00010B5044609F050FC002808BF10BD42F2F2
:101AB00000122168C4F202020120914208BF0220F4
:101AC000BDE8104009F06CBC806D7047000000005C
:101AD000B0B582B0044600284FF00000019009D054
:101AE000606D58B120688168890012D48168C9008E
:101AF00019D54EE00125284602B0B0BD204600F0C1
:101B000027F90020A06584F85000206881688900CA
:101B1000ECD54FF6C0728168C5F6FF721140816046
:101B20008168C90035D44FF6C0718268C5F6FF716F
:101B300001F18051114042F6635201F18051816000
:101B400041F28C21C0F23E52C2F20141096889097A
:101B5000A1FB0212012101EB921101910199C1B186
:101B6000019901390191019900291FBF019901399A
:101B7000019101991FBF00290199013901911CBFF1
:101B80000199002905D00199013901910199002994
:101B9000E6D18168C90009D4616D012541F01001C9
:101BA0006165A16D41F00101A16500E0002581683A
:101BB000626D02F01002C1F380018918616D07D0D7
:101BC00041F0100001256065284602B0B0BD00BF9D
:101BD00021F48171023161658168C90728D142F21F
:101BE000001240F48071C4F20202914242F20001FC
:101BF000C4F2020140F0A0808A68D1F808311A438B
:101C0000D20715D101F5807201F5427346F2080C36
:101C10009042C5F6020C1A4618BF0CF54072884275
:101C200008BF1A466068116821F47C1108431060EF
:101C300002F07AFC617D41F20402A36890424FEA0F
:101C40004131226B0AD3102B08D1207F114341EA86
:101C5000004141F01C01012807D00DE0207F114315
:101C6000194341EA0041012806D1206A0022CFF63B
:101C7000FE7202EB40400143606A28B100F47870C4
:101C8000A26A084340EA020120684CF20303CFF63F
:101C9000F073C2681A401143C16081688268D2083B
:101CA00042EA9101C90733D1217D44F2030CE26A73
:101CB000C36842EA813123EA0C021143C16094F8FF
:101CC00038100129016917D14FF61E02CFF60042E4
:101CD00001EA020C0021D4E90F23CFF6FF7101EBDA
:101CE00002414CEA0302636C1143A26C1943114395
:101CF00041F0010102E000BF21F001010161016931
:101D0000626B21F07041114301612046FEF74CFEE9
:101D10002068E1680129026B22F00F0102D1A2695B
:101D2000013A114301630121606D61F301006065B7
:101D3000284602B0B0BD00BF46F20802C5F6020256
:101D40001268D2073FF45EAF72E7000000000000A7
:101D50002DE9F04186B042F2001204460068C4F258
:101D6000020290424FF00001CDE904110391CDE948
:101D7000011159D042F20001C4F20201884240F040
:101D8000C38041F2E02644F2E040C2F20146C5F6CB
:101D900002003168002901F1010131600BD150F8D6
:101DA000081C41F0200140F8081C50F8081C01F004
:101DB0002001009100990168002741F001010160B4
:101DC000006801A900F001000090009840200190F7
:101DD000032002900020C5F60200039702F098FA53
:101DE00035461020C4F2020045F8040F0920C5E969
:101DF00001074FF4806028614FF4006068614FF480
:101E00000050A8614FF48070EF60C5E907072846CD
:101E10006F6201F051FD002872D0FFF785FA06F1DC
:101E20003C07351D6EE000BF41F2E02144F2E04086
:101E3000C2F20141C5F602000A68002A02F101025D
:101E40000A600BD150F8081C41F0200140F8081C32
:101E500050F8081C01F0200100910099016800254C
:101E600041F0010101600168C5F6020501F00101C0
:101E700000910099016841F002010160006801AE23
:101E800000F0020000900098402001902846314662
:101E90004FF00308CDF808800027039702F038FAC6
:101EA00001203146CDE9010805F58060039702F075
:101EB0002FFA41F2B0451020C2F20145C4F20200EF
:101EC000603028600A20C5E901074FF4806028616E
:101ED0004FF4006068614FF40050A8614FF48070C7
:101EE000E8614FF44030EF60C5E90807284601F08B
:101EF000E3FC05F1380728B1FFF716FA02E000BF4E
:101F000005F13807E5643C6006B0BDE8F0810000EB
:101F10002DE9F04381B042F2000746F20836C4F2E0
:101F200002070446036807F5807507F54270C5F699
:101F30000206AB4208BF0646BB4208BF06463068F1
:101F40009B685B0704D4894694F85010012903D19B
:101F5000022001B0BDE8F08300F01F060120092E29
:101F600084F850005ED8B04040F22121084259D098
:101F700020469046FEF7B8FE30B1002184F850109C
:101F800001B0BDE8F08300BF2168606D40F60172CA
:101F9000A94220EA020018BF0F46002E00F580700B
:101FA000606518BF8F4203D1606D20F480106065BA
:101FB000606D40F6C933C0044FF0000044BFA06D0F
:101FC00020F0060040F66147C0F60003A065C0F6A9
:101FD0000007E06C0022C0E90F3740F64943E76A8A
:101FE000C0F60003C3641C230B6084F850204346F2
:101FF0004A6842F010024A60CA6822F003023A437B
:10200000CA6040314A4601F09BFF21684FF6C07319
:10201000C7F6FF738A681A4004328A6001B0BDE8CF
:10202000F08300BF002084F85000012001B0BDE81B
:10203000F083000000000000B0B5044690F85000A6
:10204000012801D10220B0BD012084F850000321F5
:102050002046FEF741FD054620B1002084F85000DF
:102060002846B0BD2168E06CCA6822F00302CA604D
:1020700090F83520022A16D100F03AFA90B10546C0
:102080002068616D41F040016165416821F01001F7
:1020900041602046FEF7E8FD002084F85000284605
:1020A000B0BD00BF2168486820F01000486020469D
:1020B000FEF7DAFD05460028CFD1606D41F201112F
:1020C0008843002501306065002084F850002846D0
:1020D000B0BD0000000000007047000000000000DC
:1020E0007047000000000000704700000000000082
:1020F0002DE9F041044600284FF0010000F0AB80CC
:102100000D46002900F0A780607901284FF00200F9
:1021100008BFBDE8F0812968904604294FF001020C
:10212000627120714ED102F007FA2168B8F1000FF8
:102130000746486B14D0B0F1FF3F06DDA86948643C
:102140002AE000BF486B0028F8D502F0F5F9C01B63
:1021500021680228F6D3486BB0F1FF3FF2DC11E0B2
:1021600048F20006C2F2000601E000BF486B3042B0
:1021700010D002F0E1F9C01B21680228F6D3486BA9
:102180003042F3D0206940F0080020610320207124
:10219000BDE8F081A869086408F0100240F2FF333E
:1021A000886C9340EF69984307FA02F32F6A18434B
:1021B0008864FF20CB6C904023EA000007FA02F20B
:1021C0001043C8642869216801280BD108F0100267
:1021D0001F23886B93406F69984307FA02F31843F3
:1021E000886301E008F010020723C86BEF68934092
:1021F000012F20EA030C4FF0000003D0022F03D17F
:10220000012705E0002703E0AF68B7FA87F77F09E9
:102210002E68AB6837433B436F68934043EA0C0337
:10222000CB634FF480430E68934026EA03030B60B0
:1022300040F6FE730E68934026EA030397403B4343
:102240000B60C02303FA02F20B6823EA02020A6061
:10225000012121716071BDE8F081000000000000E3
:102260007047000000000000704700000000000000
:102270007047000000000000006970470000000087
:1022800080B110B50446007920B900206071204665
:1022900000F00AF802202071002020610121217144
:1022A00010BD00BF0120704770B586B047F20041F5
:1022B00004460068C4F20001002688420596049690
:1022C00002D006B070BD00BF44F2E040C5F6020087
:1022D000816841F000518160816801F000510091F6
:1022E0000099016841F001010160006801A900F056
:1022F000010000900098102001900320CDE9020613
:102300000020C5F6020002F003F841F228555820DB
:10231000C2F20145C4F202002860432068604020F8
:10232000C5E902064FF4806028614FF400606861DF
:102330004FF40050A8614FF48070E8614FF44030D2
:10234000C5E90806284601F0B7FA08B1FEF7ECFF28
:10235000A560AC6306B070BD81B04FF0000CCDF845
:1023600000C038B10068009041B1009810441430AA
:1023700007E000BF012001B0704700BF0098104483
:102380000830009000980360002001B07047000002
:1023900070B568B30446407901284FF0020008BFC9
:1023A00070BD0D46DDF810C04FF001016171207164
:1023B00005B3E06840F6396640F6816E2168C0F6E4
:1023C0000006C0F6000EC0E90F6E40F66166BCF173
:1023D000040FC0F60006C6640E6846F080560E6014
:1023E00028D0BCF1000F29D101F1140C28E000BF66
:1023F000012070BDA06840F6296E40F6796621681C
:10240000C0F6000EC0F60006C0E90FE640F64966C9
:10241000BCF1040FC0F60006C6640E6846F4805690
:102420000E602DD0BCF1000F30D101F1080C4FF43B
:10243000005E07E001F1180C02E000BF01F11C0C86
:102440004FF0005E0E6846EA0E060E6011466246C8
:1024500001F076FD4FF00001617128B1216941F072
:102460000401216170BD00BF206805F01001012248
:1024700002FA01F1026811430160002070BD00BF43
:1024800001F10C0C4FF4005EDCE700BF01F1100C11
:102490004FF4005ED6E7000070B54FF0010418B3AA
:1024A0000546006801F010024FF4805303FA02FC65
:1024B000036823EA0C0303600C230029016804FA73
:1024C00002F208BF08236FF0005621EA0201016002
:1024D00008BF6FF40056E85800F00AF82868016851
:1024E000314001602C710024204670BD00000000C6
:1024F0002DE9F041044602F01FF82CB3054694F88C
:102500003500022824D1276840F20F46C4F20206A3
:1025100040F26F483868B742C4F2020820F0010068
:1025200038601DDC6F20C4F2020087422ADC3F20A5
:10253000C4F20200874241DC1020C4F2020087424C
:1025400063D028205CE000BF0120BDE8F08100BF1F
:10255000802060650120002184F83410BDE8F081FE
:1025600047451BDC40F23F40C4F2020087422DDCAD
:1025700040F21040C4F20200874246D040F22840A8
:102580003EE000BF9F20C4F20200874228DC70209A
:10259000C4F20200874238D0882031E040F29F40E8
:1025A000C4F20200874223DC40F27040C4F2020011
:1025B00087422AD040F2884022E000BF4020C4F287
:1025C0000200874221D058201AE000BF40F240406C
:1025D000C4F20200874218D040F2584010E000BF19
:1025E000A020C4F2020087420FD0B82008E000BF4C
:1025F00040F2B840C4F20200874206D040F2A04048
:10260000C4F20200874240F095813946386820F0D4
:102610001E0041F8140B6FF080000A68474500EA7D
:10262000020008601ADC9F20C4F20200874233DCFB
:102630005720C4F2020087425ADC1020C4F2020084
:10264000874200F097802820C4F20200874200F001
:1026500091804020C4F202008AE000BF45F22F4082
:10266000C5F6020087422DDC40F2B740C4F20200FA
:1026700087424BDC40F27040C4F20200874279D0BE
:1026800040F28840C4F20200874273D040F2A0407A
:10269000C4F202006CE000BF40F22740C4F2020026
:1026A000874243DCA020C4F20200874262D0B820F7
:1026B000C4F2020087425DD040F21040C4F2020032
:1026C00056E000BF45F26B40C5F6020087423FDC92
:1026D00045F23040C5F6020087424BD045F24440F7
:1026E000C5F60200874245D045F258403EE000BFA3
:1026F0005820C4F2020087423CD07020C4F202008D
:10270000874237D08820C4F2020031E040F2B8405E
:10271000C4F2020087422DD045F20840C5F60200FF
:10272000874227D045F21C4020E000BF40F22840FD
:10273000C4F2020087421DD040F24040C4F20200C1
:10274000874217D040F25840C4F2020010E000BFA8
:1027500045F26C40C5F6020087420BD045F294402A
:10276000C5F60200874205D045F28040C5F602005A
:10277000874205D1206E016821F48071016000BF9D
:102780003868C00710D001F0D7FE401B0628F7D3E9
:1027900020206065032084F835000120002184F8A2
:1027A0003410BDE8F08100BF2068B04210DC6F211A
:1027B000C4F2020188421DDC3F21C4F202018842BA
:1027C00034DC1021C4F20201884255D028214FE0A8
:1027D00040451BDC40F23F41C4F2020188422DDC3F
:1027E00040F21041C4F20201884245D040F2284133
:1027F0003EE000BF9F21C4F20201884228DC702124
:10280000C4F20201884237D0882131E040F29F4172
:10281000C4F20201884223DC40F27041C4F202019A
:10282000884229D040F2884122E000BF4021C4F212
:102830000201884220D058211AE000BF40F24041F6
:10284000C4F20201884217D040F2584110E000BFA4
:10285000A021C4F2020188420ED0B82108E000BFD6
:1028600040F2B841C4F20201884205D040F2A041D2
:10287000C4F20201884261D1D4E9161202F01F02AB
:102880003F2303FA02F28A60404561DC9F21C4F2D3
:102890000201884214DC5721C4F20201884227DC7D
:1028A0001021C4F20201884200F0A8802821C4F25D
:1028B0000201884200F0A2804021C4F202019BE0A4
:1028C00040F22741C4F20201884221DCA021C4F277
:1028D0000201884200F09280B821C4F202018842CD
:1028E00000F08C8040F21041C4F2020184E000BF8D
:1028F0005821C4F20201884200F080807021C4F2A5
:10290000020188427AD08821C4F2020174E000BF3B
:1029100040F22841C4F2020188426FD040F24041A7
:10292000C4F20201884269D040F25841C4F2020167
:1029300062E000BF6FF00E0039466EE6D4E9161271
:1029400002F01F02012303FA02F24A6040459DDDB6
:1029500045F22F41C5F60201884217DC40F2B7412B
:10296000C4F20201884227DC40F27041C4F2020145
:10297000884243D040F28841C4F2020188423DD0EF
:1029800040F2A041C4F2020136E000BF45F26B41C3
:10299000C5F6020188421FDC45F23041C5F602014E
:1029A00088422BD045F24441C5F60201884225D029
:1029B00045F258411EE000BF40F2B841C4F20201A6
:1029C00088421BD045F20841C5F60201884215D065
:1029D00045F21C410EE000BF45F26C41C5F6020114
:1029E00088420BD045F29441C5F60201884205D0D9
:1029F00045F28041C5F6020188420BD1616EA26E9C
:102A0000E06E4A6030B1016821F480710160D4E960
:102A10001C014160012084F835000020002184F869
:102A20003410BDE8F081000080B5D8B190F83510C1
:102A3000022919D140F20F420168C4F20202914208
:102A400016DC6F23C4F20203994227DC3F23C4F251
:102A5000020399423EDC1023C4F2020399425FD084
:102A6000282359E0012080BD80214165012080BDDF
:102A700040F26F43C4F2020399421BDC40F23F4331
:102A8000C4F2020399422DDC40F21043C4F2020367
:102A9000994245D040F228433EE000BF9F23C4F254
:102AA0000203994228DC7023C4F20203994237D012
:102AB000882331E040F29F43C4F20203994223DCB1
:102AC00040F27043C4F20203994229D040F2884395
:102AD00022E000BF4023C4F20203994220D05823D1
:102AE0001AE000BF40F24043C4F20203994217D0FB
:102AF00040F2584310E000BFA023C4F20203994201
:102B00000ED0B82308E000BF40F2B843C4F202037D
:102B1000994205D040F2A043C4F20203994275D114
:102B200091424FF0040280F8352011DC6F20C4F28E
:102B30000200814222DC3F20C4F20200814239DCE3
:102B40001020C4F20200814259D0282054E000BF76
:102B500040F26F40C4F2020081421BDC40F23F4071
:102B6000C4F2020081422DDC40F21040C4F20200A7
:102B7000814244D040F228403EE000BF9F20C4F292
:102B80000200814228DC7020C4F20200814236D06B
:102B9000882031E040F29F40C4F20200814223DCF1
:102BA00040F27040C4F20200814228D040F28840D6
:102BB00022E000BF4020C4F2020081421FD0582012
:102BC0001AE000BF40F24040C4F20200814216D039
:102BD00040F2584010E000BFA020C4F20200814241
:102BE0000DD0B82008E000BF40F2B840C4F20200A7
:102BF000814204D040F2A040C4F202008142086841
:102C000020F001000860002080BD00BF0A6822F0AB
:102C100001020A6045F25742C5F6020291420A6873
:102C200022F00E020A600FDC45F22F42C5F60202C6
:102C3000914219DC45F20842C5F60202914229D0C0
:102C400045F21C4222E000BF45F27F42C5F6020277
:102C5000914213DC45F25842C5F60202914219D066
:102C600045F26C4212E000BF45F23042C5F6020266
:102C700091420FD045F2444208E000BF45F2944231
:102C8000C5F60202914205D045F28042C5F6020225
:102C900091421AD1D0E9181CD0E916E30A6822F44F
:102CA00080720A6003F01F01012202FA01F1CEF8DE
:102CB0000410816ECCF80410C16E31B10A6822F4A0
:102CC00080720A60D0E91C124A60012180F8351038
:102CD000026D002180F834100AB1904700210846A7
:102CE00080BD00000000000070B528B3016840F20C
:102CF0006F420446C4F202020868914220F00100CB
:102D000008604FF0010019DC9F22C4F202029142D8
:102D100030DC5722C4F20202914255DC1022C4F288
:102D20000202914200F07F802822C4F20202914206
:102D300079D0402272E000BF012070BD45F22F42E1
:102D4000C5F60202914229DC40F2B742C4F2020207
:102D5000914245DC40F27042C4F20202914262D0DC
:102D600040F28842C4F2020291425CD040F2A0429A
:102D700054E000BF40F22742C4F2020291423FDC1D
:102D8000A022C4F2020291424DD0B822C4F2020243
:102D9000914248D040F2104240E000BF45F26B4201
:102DA000C5F60202914251DC45F23042C5F60202FC
:102DB00091425ED045F24442C5F60202914258D09B
:102DC00045F2584250E000BF5822C4F2020291423C
:102DD00029D07022C4F20202914224D088221DE040
:102DE00040F2B842C4F2020291421CD045F20842BD
:102DF000C5F6020291423CD045F21C4234E000BFCD
:102E000040F22842C4F2020291420CD040F2404209
:102E1000C4F20202914206D040F25842C4F20202C9
:102E2000914240F0F5800020086048608860C860EA
:102E30000861212048612046FEF74EF8E16D3F22EF
:102E400001F01F0102FA01F1816022E045F26C42BB
:102E5000C5F6020291420CD045F28042C5F602024C
:102E6000914206D045F29442C5F60202914240F0EA
:102E7000CF800020086048608860C86008612046F4
:102E8000FEF72AF8E16D012201F01F0102FA01F1BB
:102E9000416045F2574C2268C5F6020C45F6000E1B
:102EA0006245C5F6020E13DC45F22F40C5F602005E
:102EB000824221DC45F20840C5F60200824235D04C
:102EC00045F21C40C5F6020082422FD0A2E000BFAE
:102ED00045F27F40C5F6020082421BDC45F25840B5
:102EE000C5F60200824221D045F26C40C5F60200D0
:102EF00082421BD08EE000BF45F23040C5F6020092
:102F0000824213D045F24440C5F6020082420DD001
:102F100080E000BF45F29440C5F60200824205D031
:102F200045F28040C5F60200824273D16FF007007F
:102F30004CF6CD4150FA82F0CCF6CC41A0FB010119
:102F40000EF180057346090903EB810001F01F06AD
:102F500020660120656600FA06F6A666002043F8A2
:102F600021006E6061684B1E072B43D862450FDC61
:102F700045F22F46C5F60206B24219DC45F2084674
:102F8000C5F60206B24229D045F21C4622E000BF37
:102F900045F27F46C5F60206B24213DC45F25846BA
:102FA000C5F60206B24219D045F26C4612E000BFE7
:102FB00045F23046C5F60206B2420FD045F244460D
:102FC00008E000BF45F29446C5F60206B24205D0BD
:102FD00045F28046C5F60206B2423DD10EEB8101B4
:102FE0000EF5A072FC31E166012600250D6006FA9F
:102FF00003F15160C4E91B006067C4E90F00C4E934
:103000001100C4E91300606584F8350084F83400C9
:1030100070BD00BF6FF00F004AF6AB2150FA82F08E
:10302000CAF6AA21A0FB010340F20F41C4F202013B
:10303000082518098A4201F1AA06014688BF05EB56
:10304000131140F60003B242C4F2020303F18005FB
:1030500028BF014678E700BF40F60002C4F2020232
:1030600002EB810102F5A072FC31BDE70000000017
:10307000406D7047000000002DE9F04782B000214C
:10308000019141F28C210446C2F2014148F2B5128D
:10309000C1F64E32A56D096840F26F490068C4F26E
:1030A0000209A1FB021848452E68296816DC9F21F9
:1030B000C4F2020188422DDC5721C4F20201884289
:1030C00052DC1021C4F2020188427BD02821C4F2D4
:1030D0000201884276D0402170E000BF45F22F42C5
:1030E000C5F60202904229DC40F2B742C4F2020265
:1030F000904245DC40F27041C4F20201884261D046
:1031000040F28841C4F2020188425BD040F2A04103
:1031100054E000BF40F22741C4F2020188423FDC84
:10312000A021C4F2020188424CD0B821C4F20201AD
:10313000884247D040F2104140E000BF45F26B4268
:10314000C5F60202904275DC45F23042C5F6020235
:10315000904200F0818045F24442C5F6020290425E
:103160007AD045F2584273E05821C4F202018842F5
:1031700028D07021C4F20201884223D088211DE0AA
:1031800040F2B842C4F2020290421BD045F208421B
:10319000C5F6020290425FD045F21C4258E000BFE3
:1031A00040F22841C4F2020188420BD040F2404173
:1031B000C4F20201884205D040F25841C4F2020133
:1031C000884261D1E16D082201F01F0140F20F4AEF
:1031D0008A40C4F2020A324200F0E98050454FF0C2
:1031E000040313DC6F27C4F20207B8426CDC3F27EC
:1031F000C4F20207B84200F3A7801027C4F2020706
:10320000B84200F0C8802827C0E000BF484567DC0E
:1032100040F23F47C4F20207B84200F39D8040F2FB
:103220001047C4F20207B84200F0B58040F22847C8
:10323000ACE000BF45F26C42C5F6020290420BD0F2
:1032400045F28042C5F60202904205D045F2944212
:10325000C5F60202904217D10268E36D570703F0EA
:103260001F0315D504279F4017EA010610D011044B
:103270006F6045D4910603D4016821F00401016018
:10328000216C002940F0F68202B0BDE8F08700BF53
:1032900097073DD502279F4017EA010638D0110451
:1032A0006F6000F1ED82910609D4016821F00A01F6
:1032B0000160012084F83500002084F83400E16BBF
:1032C000002940F0D782DFE79F27C4F20207B84207
:1032D0004CDC7027C4F20207B8425CD0882755E066
:1032E00040F29F47C4F20207B84247DC40F2704701
:1032F000C4F20207B8424ED040F2884746E000BF11
:10330000D00300F1C382216C002940F0B382BBE7F7
:103310001207B9D508229A401140B5D0016821F0B2
:103320000E010160012000FA03F16960606584F814
:1033300035000020E16C84F834000029A4D0204638
:10334000884702B0BDE8F0874027C4F20207B842C0
:1033500021D058271AE000BF40F24047C4F20207CC
:10336000B84218D040F2584710E000BFA027C4F27E
:103370000207B8420FD0B82708E000BF40F2A047CC
:10338000C4F20207B84206D040F2B847C4F20207BE
:10339000B84218BF082307681F4208D0036823F00B
:1033A00004030360AA60626D42F0010262650122BB
:1033B0008A4032426FD0504510DC6F23C4F20203C2
:1033C00098421DDC3F23C4F20203984234DC1023F0
:1033D000C4F20203984256D028234FE048451BDC34
:1033E00040F23F43C4F2020398422DDC40F2104306
:1033F000C4F20203984246D040F228433EE000BFA8
:103400009F23C4F20203984228DC7023C4F2020313
:10341000984238D0882331E040F29F43C4F202033F
:10342000984223DC40F27043C4F2020398422AD04F
:1034300040F2884322E000BF4023C4F202039842D6
:1034400021D058231AE000BF40F24043C4F20203E7
:10345000984218D040F2584310E000BFA023C4F2B5
:10346000020398420FD0B82308E000BF40F2A04307
:10347000C4F20203984206D040F2B843C4F20203F9
:10348000984240F00F8243691B0604D5AA60626D22
:1034900042F00202626504228A4032426FD05045F7
:1034A00010DC6F23C4F2020398421DDC3F23C4F2F8
:1034B0000203984234DC1023C4F20203984256D02F
:1034C00028234FE048451BDC40F23F43C4F202038F
:1034D00098422DDC40F21043C4F20203984246D0D9
:1034E00040F228433EE000BF9F23C4F2020398420B
:1034F00028DC7023C4F20203984238D0882331E0DC
:1035000040F29F43C4F20203984223DC40F270432E
:10351000C4F2020398422AD040F2884322E000BF5E
:103520004023C4F20203984221D058231AE000BF7E
:1035300040F24043C4F20203984218D040F258438C
:1035400010E000BFA023C4F2020398420FD0B823BA
:1035500008E000BF40F2A043C4F20203984206D044
:1035600040F2B843C4F20203984240F0A3810368DA
:103570009B0704D5AA60626D42F0040262651022C6
:1035800002FA01F1314200F0818050454FF008020B
:1035900010DC6F23C4F2020398421DDC3F23C4F207
:1035A0000203984234DC1023C4F20203984256D03E
:1035B00028234FE048451BDC40F23F43C4F202039E
:1035C00098422DDC40F21043C4F20203984246D0E8
:1035D00040F228433EE000BF9F23C4F2020398421A
:1035E00028DC7023C4F20203984238D0882331E0EB
:1035F00040F29F43C4F20203984223DC40F270433E
:10360000C4F2020398422AD040F2884322E000BF6D
:103610004023C4F20203984221D058231AE000BF8D
:1036200040F24043C4F20203984218D040F258439B
:1036300010E000BFA023C4F2020398420FD0B823C9
:1036400008E000BF40F2A043C4F20203984206D053
:1036500040F2B843C4F20203984218BF0422036840
:10366000134213D0A96001684903016808D4C90551
:1036700008D4016821F008010160216C21B905E03E
:1036800008034FD4216C09B120468847E06D00F053
:103690001F01202000FA01F2324200F0AB802068C6
:1036A0001023504510DC6F27C4F20207B8421DDC1E
:1036B0003F27C4F20207B84238DC1027C4F20207E1
:1036C000B8425AD0282753E048451BDC40F23F4718
:1036D000C4F20207B84231DC40F21047C4F20207DC
:1036E000B8424AD040F2284742E000BF9F27C4F2C8
:1036F0000207B8422CDC7027C4F20207B8423CD063
:10370000882735E040F29F47C4F20207B84227DC21
:1037100040F27047C4F20207B8422ED040F2884708
:1037200026E000BFA16C0029AED1AFE74027C4F26C
:103730000207B84221D058271AE000BF40F24047A4
:10374000C4F20207B84218D040F2584710E000BF58
:10375000A027C4F20207B8420FD0B82708E000BF84
:1037600040F2A047C4F20207B84206D040F2B84780
:10377000C4F20207B84218BF022307681F4239D0BB
:10378000AA6094F83520042A02681BD122F01602A0
:103790000260426922F080024261226C0AB9A26C86
:1037A0001AB1026822F0080202603F208840A86037
:1037B000012084F83500216D0020002984F83400B0
:1037C00058D161E5510301680ED4C9050ED40168D2
:1037D00021F010010160012084F83500002084F8F8
:1037E0003400E16B21B905E0080353D4E16B09B162
:1037F00020468847606D00283FF446AD606DC007E5
:1038000034D0042084F8350020684FEA98210268FB
:1038100022F001020260019A013201928A421AD812
:103820000268D20717D0019A013201928A4212D857
:103830000268D2070FD0019A013201928A420AD857
:103840000268D20707D0019A013201928A4202D857
:103850000268D207DFD10068C0074FF0030008BF3D
:10386000012084F83500002084F83400E16C002940
:103870003FF40AAD2046884702B0BDE8F08700BF9C
:10388000D0030BD4616C0029F4D1FDE4A16C0029B4
:10389000F0D1F9E4616C0029AAD1ABE7E16B002912
:1038A000E8D1F1E4026804228A4032427FF4F7ADA5
:1038B00065E600BF026862E6F0B581B0044600F03C
:1038C0003BFE002C00F0178140F26F470546206850
:1038D000C4F20207B84217DC9F21C4F202018842F9
:1038E0002EDC5721C4F20201884255DC1021C4F2BB
:1038F0000201884200F07F802821C4F20201884240
:1039000079D0402172E000BF45F22F41C5F6020197
:10391000884229DC40F2B741C4F20201884247DC08
:1039200040F27041C4F20201884264D040F2884102
:10393000C4F2020188425ED040F2A04156E000BFCE
:1039400040F22741C4F20201884241DCA021C4F2C6
:10395000020188424FD0B821C4F2020188424AD005
:1039600040F2104142E000BF45F26B41C5F6020152
:10397000884200F3C38045F23041C5F60201884217
:1039800000F0CF8045F24441C5F60201884200F0C4
:10399000C88045F25841BFE05821C4F20201884274
:1039A00029D07021C4F20201884224D088211DE070
:1039B00040F2B841C4F2020188421CD045F20841ED
:1039C000C5F60201884200F0AC8045F21C41A3E03C
:1039D00040F22841C4F2020188420CD040F240413A
:1039E000C4F20201884206D040F25841C4F20201FA
:1039F000884240F0A182022184F83510002184F829
:103A00003410016821F0010101600168C90709D083
:103A100000F092FD401B052800F2688020680168D4
:103A2000C907F5D148F23F0204F108060168CFF654
:103A3000106211406CCE1143A2691943E369294316
:103A4000256A0E43616A1643042943EA060343EAE2
:103A5000050303D1D4E90B6533432B4341F2000640
:103A6000C5F600463668B6F1005F1DD36668A6F15C
:103A70002905292D18D8DFE805F015151515151598
:103A800017171717171717171717171717171717C6
:103A900015151515171717171515171717171717C2
:103AA0001515151543F4801303600429436923F0A9
:103AB000070341EA030140F0F180D4E90A53002BE7
:103AC00041EA050100F0EA80B2F5005F00F0CC8029
:103AD000002A40F0D580022D00F0D580012D00F0A5
:103AE000C980002D00F0CF80D8E000BF20206065A5
:103AF000032084F83500012001B0F0BD45F26C418F
:103B0000C5F6020188420CD045F28041C5F602019B
:103B1000884206D045F29441C5F60201884240F041
:103B20000B82022184F83510002184F834100168DA
:103B3000A268A2F18003E668B3FA83F3402A4FEA51
:103B400053134FEA83336FF3101108BF1023226918
:103B500041EAD60166691943A36941EAD201E269E3
:103B600041EAD60141EAD3014CF6CD4341EAD20104
:103B70004AF6F832CAF2FD72266A0244CCF6CC4309
:103B8000A2FB032341EA161101606FF0030000EA73
:103B90009300E0652046FDF79FF9E16D012201F0F9
:103BA0001F0102FA01F141602068B84240F38580AC
:103BB00045F22F41C5F60201884217DC40F2B741B9
:103BC000C4F20201884229DC40F27041C4F20201D1
:103BD000884200F0BC8040F28841C4F20201884271
:103BE00000F0B58040F2A041ACE000BF45F26B416F
:103BF000C5F60201884223DC45F23041C5F60201D8
:103C0000884200F0A48045F24441C5F60201884292
:103C100000F09D8045F2584122E000BF40F2B841DB
:103C2000C4F20201884200F0928045F20841C5F6D4
:103C30000201884200F08B8045F21C4110E000BF79
:103C400045F26C41C5F60201884200F0808045F2E1
:103C50009441C5F60201884200F0798045F2804126
:103C6000C5F6020170E000BF032D17D8DFE805F0AC
:103C70000E0B0E02A3F1C072B2FA82F2520904E0F6
:103C8000032D03D30AD1C3F300623AB1402060652B
:103C9000012084F8350001B0F0BD00BF416120462D
:103CA000FDF71AF9E16D3F2201F01F0102FA01F15F
:103CB00081602068B8423FF77BAF9F21C4F20201C8
:103CC000884211DC5721C4F20201884220DC102115
:103CD000C4F2020188423AD02821C4F2020188428B
:103CE00035D040212EE000BF40F22741C4F202014E
:103CF000884219DCA021C4F20201884227D0B821F1
:103D0000C4F20201884222D040F210411AE000BF02
:103D10005821C4F20201884219D07021C4F2020174
:103D2000884214D088210DE040F22841C4F20201FB
:103D300088420CD040F24041C4F20201884206D0D1
:103D400040F25841C4F20201884240F0ED8045F251
:103D5000574C45F6FC0EC5F6020CC5F6020E604542
:103D600012DC45F22F41C5F60201884220DC45F203
:103D70000841C5F60201884234D045F21C41C5F61F
:103D8000020188422ED085E045F27F41C5F602014E
:103D900088421BDC45F25841C5F60201884221D019
:103DA00045F26C41C5F6020188421BD072E000BFAB
:103DB00045F23041C5F60201884213D045F2444134
:103DC000C5F6020188420DD064E000BF45F294417F
:103DD000C5F60201884205D045F28041C5F60201D0
:103DE000884257D16FF007014CF6CD4251FA80F16D
:103DF000CCF6CC42A1FB0212AEF1FC05AEF17C0682
:103E00001309A26803F01F01802A4FF0010205EB9D
:103E10008305256602FA01F26666A26602D10021D8
:103E2000616000E06168CBB2013907292B607260E4
:103E300016D85E1E082E19D260450EF1440219DC18
:103E400045F22F41C5F60201884245DC45F20841A2
:103E5000C5F6020188425DD045F21C414EE000BF2C
:103E600000206067C4E91B005EE000BFD4E91B02CC
:103E7000616F56E045F27F41C5F60201884235DCAC
:103E800045F25841C5F60201884243D045F26C41E3
:103E900034E000BF6FF00F014AF6AB2251FA80F117
:103EA000CAF6AA22A1FB021240F20F43C4F2020397
:103EB00008251109984203F1AA060B4688BF05EBB5
:103EC000121340F60005B042C4F2020505F1800667
:103ED00028BF0B4695E700BF45F23041C5F6020109
:103EE000884217D045F2444108E000BF45F28041C6
:103EF000C5F6020188420DD045F29441C5F6020193
:103F0000884207D040F60000C4F2020000F1FC0E27
:103F100000F5A07201210EEB8300B140E06622673C
:103F2000616700230360516000206065012184F80F
:103F3000351001B0F0BD00BF4020D8E50000000002
:103F4000B0B500283CD0054690F83400012801D1D6
:103F50000220B0BD012085F8340095F83500012815
:103F600028D1022085F8350000206865286804689B
:103F700024F0010404602846FDF746F840F20F42A1
:103F80002868C4F2020240F26F419042C4F202017A
:103F900018DC6F23C4F20203984225DC3F23C4F2ED
:103FA000020398423CDC1023C4F2020398425ED024
:103FB000282357E04FF400606865002085F834003E
:103FC0000120B0BD88421BDC40F23F43C4F2020333
:103FD00098422DDC40F21043C4F20203984246D0CE
:103FE00040F228433EE000BF9F23C4F20203984200
:103FF00028DC7023C4F20203984238D0882331E0D1
:1040000040F29F43C4F20203984223DC40F2704323
:10401000C4F2020398422AD040F2884322E000BF53
:104020004023C4F20203984221D058231AE000BF73
:1040300040F24043C4F20203984218D040F2584381
:1040400010E000BFA023C4F2020398420FD0B823AF
:1040500008E000BF40F2B843C4F20203984206D021
:1040600040F2A043C4F20203984240F02F8103685B
:104070000B2464F3440303602B6C1BB1036843F00F
:1040800008030360884219DC9F23C4F202039842AC
:1040900032DC5723C4F20203984259DC1023C4F2E5
:1040A0000203984200F096802823C4F2020398424B
:1040B00000F090804023C4F2020389E045F22F43D0
:1040C000C5F6020398422DDC40F2B743C4F2020366
:1040D00098424BDC40F27043C4F20203984279D01C
:1040E00040F28843C4F20203984273D040F2A043E6
:1040F000C4F202036CE000BF40F22743C4F20203A3
:10410000984243DCA023C4F20203984262D0B82351
:10411000C4F2020398425DD040F21043C4F202039D
:1041200056E000BF45F26B43C5F6020398423FDC00
:1041300045F23043C5F6020398424BD045F2444362
:10414000C5F60203984245D045F258433EE000BF11
:104150005823C4F2020398423CD07023C4F20203F5
:10416000984237D08823C4F2020331E040F2B843CA
:10417000C4F2020398422DD045F20843C5F602036B
:10418000984227D045F21C4320E000BF40F228436C
:10419000C4F2020398421DD040F24043C4F202032D
:1041A000984217D040F25843C4F2020310E000BF17
:1041B00045F26C43C5F6020398420BD045F2944396
:1041C000C5F60203984205D045F28043C5F60203C6
:1041D000984274D12B6E1C68E40303D51C6844F428
:1041E00080741C60EB6E1BB11D6845F480751D600A
:1041F000904211DC6F21C4F2020188421EDC3F2193
:10420000C4F20201884235DC1021C4F20201884266
:1042100055D0282150E000BF88421BDC40F23F41CE
:10422000C4F2020188422DDC40F21041C4F20201C6
:10423000884244D040F228413EE000BF9F21C4F2B2
:104240000201884228DC7021C4F20201884236D083
:10425000882131E040F29F41C4F20201884223DC10
:1042600040F27041C4F20201884228D040F28841F5
:1042700022E000BF4021C4F2020188421FD0582131
:104280001AE000BF40F24041C4F20201884216D059
:1042900040F2584110E000BFA021C4F20201884260
:1042A0000DD0B82108E000BF40F2B841C4F20201CD
:1042B000884204D040F2A041C4F202018842016861
:1042C00041F0010101600020B0BD00BF036805247A
:1042D00064F3430303602B6C002B3FF4D3AE0368FD
:1042E00043F00403CDE60000B0B5044600F024F925
:1042F00041F284210546C2F20141621C097818BFCF
:104300000C4400BF00F018F9401BA042FAD3B0BD26
:104310002DE9F04F84B00D68002D00F0EF8000F122
:1043200026428E4602F1FF7342F20042C5F60202B7
:104330000A2190424FEAB32208BF0921092A4FF00F
:10434000000438BF4FEAB321012600274FF00008D0
:104350000091CDF808E00DE0DEF8005008F101080A
:1043600035FA06F107F1020706F1010604F104042B
:1043700000F0C480A6F1010A012101FA0AF315EA4E
:104380000309E9D0DEF804B00BF003056A1E012A28
:104390001AD80321D0F808C001FA07FE02992CEAC6
:1043A0000E0CDDF808E0CA68BA4042EA0C028260EE
:1043B000CBF30012D0F804C02CEA030302FA0AF28D
:1043C0001A4342600CE000BF032D09D1DEF808203B
:1043D000012A05D10325BC4605FA07F2D1432FE097
:1043E0000321C26801FA07F3022D6FEA030122EAF2
:1043F0000302DEF808304FEA480C03FA07F342EAFA
:104400000302C2601CD101916FF0030101EA5A025C
:1044100004F01C0502440F2101FA05F3D2F820B084
:1044200002992BEA0303D1F810E001990EFA05F581
:10443000DDF808E02B431362DEF804B00BF003054F
:1044400002681BF4403F01EA020105FA0CF241EA5E
:10445000020101603FF480AF44F2F44240F2084CA4
:10446000C5F60202C5F6000C0F25116841F00201E5
:104470001160116801F0020103912AF00301039A0F
:1044800004F00C0251F80C309540AB43009D05FA46
:1044900002F21A4341F80C204FF0B04CDCF8001047
:1044A000DEF8042041EA0903D50258BF21EA0903D6
:1044B0009502CCF8003040F2040CC5F6000CDCF894
:1044C000001041EA090358BF21EA09039503CCF81B
:1044D0000030DCF8801041EA090358BF21EA0903E3
:1044E000D203CCF88030DCF87C1041EA090358BFD5
:1044F00021EA0903CCF87C302EE700BF04B0BDE808
:10450000F08F0000000000000069084018BF012083
:104510007047000000000000002A08BF0904816104
:10452000704700000000000041F20000C5F60040A6
:104530000068000C7047000043F60040C2F20140E2
:10454000006870470000000041F2842043F60041FB
:10455000C2F20140C2F2014100780A6810440860CA
:10456000704700000000000080B5032000F0F8F85C
:1045700001F0E6FC44F218414FF6BC33C5F60201E7
:10458000C0F600030A68096801F00F01C2F30322B4
:10459000595C9A5C01F01F0102F01F02D04041F209
:1045A0009022C2F2014220FA01F1116041F28C2105
:1045B000C2F2014108600F2000F00AF800281CBF79
:1045C000012080BD00F07CF8002080BD00000000CC
:1045D00070B541F28426C2F201463178E1B1044659
:1045E00041F28C20C2F201404FF47A72B2FBF1F139
:1045F0000068B0FBF1F001F0DFFF0F2C4FF0010578
:1046000008D838B94FF0FF3000222146002500F0CD
:1046100077F87460284670BD012070BD000000006E
:1046200010B54EF6A05E4178CEF2000E90F800C0B4
:104630004EF8081CDEF8001021F00101CEF8001041
:1046400041684EF8041C017BC37A827A447B1B06C6
:1046500043EA0171837B41EAC241C27B41EA844162
:10466000447A41EA4341007A41EA024141EA0421A5
:1046700041EA400040EA0C00CEF8000010BD000006
:104680004EF62450CEF20000BFF35F8F016821F494
:1046900080310160002101677047000000000000C8
:1046A0004EF6245140F00100CEF200010867086880
:1046B00040F480300860BFF34F8FBFF36F8F7047B7
:1046C00081B044F2F440C5F60200016841F00201F5
:1046D0000160006800F002000090009801B070478F
:1046E000002848BF704700F01F01012202FA01F1C3
:1046F0004EF200124009CEF2000242F8201070473C
:1047000070B54EF60C5C4FF0FF36CEF2000C00F1A7
:104710006045DCF80030C3F3022E8EF00703042B53
:1047200028BF0423BEF1030406FA03F321EA0301C0
:1047300000F00F0338BF0024043BB0F1FF3F634497
:1047400006FA04F003F10C0301FA04F1C8BF05F501
:10475000644322EA000008430001187070BD0000A5
:104760004EF60C514FF6FF03CEF200010A681A40D4
:1047700060F30A2242F0806040F0FD7008607047EC
:10478000B0B544F60C05C5F6020529684907296845
:1047900006D401F00701081A18BF0120B0BD00BF00
:1047A00021F0070108432860FFF7C6FE044600BF5A
:1047B00055F8080C800407D4FFF7BEFE001BB0F5C7
:1047C0007A7FF5D90120B0BD0020B0BD0000000007
:1047D00080B501F02DFB44F220414FF6BC32C5F606
:1047E0000201C0F600020968C1F30211515C01F038
:1047F0001F01C84080BD000080B544F2304EC5F6B0
:10480000020E5EF8083C5EF8081CC1F3051C5EF859
:10481000041CBCF1000FDEF8042017D0C2F3CC0258
:1048200001F00101514303F00303022B00EE101AC3
:10483000B8EE400A10D0012B12D01BB95EF8301C24
:10484000890611D49FED361A1CE000BF002181605B
:10485000C0E9001180BD00BF9FED301A12E000BF1B
:104860009FED2D1A0EE000BF5EF8301C49F20002E9
:10487000C0F2D032C1F3C10122FA01F101EE101AE7
:10488000B8EE411ADEF800109FED263A6FF35F2173
:1048900002EE101ADEF80010C1F34621B8EE422AEB
:1048A00000EE032A00EE10CAB7EE003AB8EE400A56
:1048B00081EE000A32EE031A02EE101AB8EE422A16
:1048C00020EE010A32EE031A80EE011ABCEEC11A84
:1048D00080ED001ADEF80010C1F3064101EE101A57
:1048E000B8EE411A31EE031A80EE011ABCEEC11A7D
:1048F00080ED011ADEF80010C1F3066101EE101A16
:10490000B8EE411A31EE031A80EE010ABCEEC00A7D
:1049100010EE101A816080BD0024744A20BCBE4B8A
:104920000024744C0000003980B544F2384EC5F6BE
:10493000020E5EF8103C5EF8101CC1F3053C5EF8F8
:104940000C1CBCF1000FDEF8042015D0C1F30011DF
:10495000C2F3CC02514300EE101A03F00301022906
:10496000B8EE400A0ED089B95EF8381C890611D419
:104970009FED361A1CE000BF00218160C0E90011E4
:1049800080BD00BF9FED301A12E000BF9FED2D1AD1
:104990000EE000BF5EF8381C49F20002C0F2D032CF
:1049A000C1F3C10122FA01F101EE101AB8EE411A69
:1049B000DEF800109FED263A6FF35F2102EE101A29
:1049C000DEF80010C1F34621B8EE422A00EE032AB9
:1049D00000EE10CAB7EE003AB8EE400A81EE000AC7
:1049E00032EE031A02EE101AB8EE422A20EE010A45
:1049F00032EE031A80EE011ABCEEC11A80ED001AE5
:104A0000DEF80010C1F3064101EE101AB8EE411AAB
:104A100031EE031A80EE011ABCEEC11A80ED011AC4
:104A2000DEF80010C1F3066101EE101AB8EE411A6B
:104A300031EE031A80EE010ABCEEC00A10EE101A25
:104A4000816080BD0024744A20BCBE4B0024744C9D
:104A5000000000390000000080B544F2404EC5F669
:104A6000020E5EF8183C5EF8181CC1F3055C5EF897
:104A7000141CBCF1000FDEF8042015D0C1F3002196
:104A8000C2F3CC02514300EE101A03F003010229D5
:104A9000B8EE400A0ED089B95EF8401C890611D4E0
:104AA0009FED361A1CE000BF00218160C0E90011B3
:104AB00080BD00BF9FED301A12E000BF9FED2D1AA0
:104AC0000EE000BF5EF8401C49F20002C0F2D03296
:104AD000C1F3C10122FA01F101EE101AB8EE411A38
:104AE000DEF800109FED263A6FF35F2102EE101AF8
:104AF000DEF80010C1F34621B8EE422A00EE032A88
:104B000000EE10CAB7EE003AB8EE400A81EE000A95
:104B100032EE031A02EE101AB8EE422A20EE010A13
:104B200032EE031A80EE011ABCEEC11A80ED001AB3
:104B3000DEF80010C1F3064101EE101AB8EE411A7A
:104B400031EE031A80EE011ABCEEC11A80ED011A93
:104B5000DEF80010C1F3066101EE101AB8EE411A3A
:104B600031EE031A80EE010ABCEEC00A10EE101AF4
:104B7000816080BD0024744A20BCBE4B0024744C6C
:104B8000000000390000000010B584B0024641F674
:104B9000FF7300209B1A70EB01032FDB40F2FF3301
:104BA0009B1A70EB010355DA82F480630B4300F02B
:104BB000D38082F400630B4300F0E88082F48052DB
:104BC000114340F04F8144F20041C5F60201086DE7
:104BD000C0F30232042A00F2228248F20000C0F23E
:104BE000BB00DFE812F00500410147013F014D0124
:104BF0000868800140F113820EE100BF47F6FF73A1
:104C00009B1A70EB010349DA82F400430B4300F076
:104C1000D78082F480330B4300F0E48082F40022DA
:104C2000114340F01F8144F20040C5F60200816D3F
:104C300001F44031B1F5003F00F0F480B1F5803F60
:104C400000F0FE80002940F0EA810068000100F1D8
:104C50008681E4E182F480730B434BD082F40072CE
:104C6000114340F0FF8044F20041C5F60201086D97
:104C7000C0F38212042A00F2D28148F20000C0F28E
:104C8000BB00DFE812F0050011011701EF001D0164
:104C90000868800140F1C381BEE000BF82F4005388
:104CA0000B4343D082F48042114340F0DB8044F256
:104CB0000044C5F60204A06DC0F30270052800F29E
:104CC000AE81DFE810F007007B017F0183018901DD
:104CD0008B0100BF01F0ACF8216A4FF6BC32C0F680
:104CE0000002C1F30211515C01F01F01C84004B081
:104CF00010BD00BF44F20041C5F60201086D00F08E
:104D00000702042A00F28B8148F20000C0F2BB00C7
:104D1000DFE812F00600E800EE00A800F40000BF93
:104D20000868800140F17B8176E000BF44F20040DA
:104D3000C5F60200016DC1F30241052900F26F8141
:104D4000DFE811F00600560160016A0170014E00B3
:104D500001F096F804B010BD44F20041C5F602011E
:104D6000886DC0F34252042A00F2598148F20000D3
:104D7000C0F2BB00DFE802F004D4DA76DE0000BF48
:104D80000868800140F14B8146E000BF44F20041D9
:104D9000C5F60201886DC0F30262042A00F23F8169
:104DA00048F20000C0F2BB00DFE802F004D6E05C8D
:104DB000EA0000BF0868800140F131812CE000BFAB
:104DC00044F20040C5F60200016D01F04051B1F11E
:104DD000005F3FD0B1F1805F1AD0002940F01F8101
:104DE0000068FCE044F20040C5F60200C16C0068B7
:104DF000C90303D4800140F112810DE0000140F1AC
:104E00000E8101A8FFF790FD039804B010BD00BF0C
:104E10000068800140F1038101A8FFF7EDFC0298D2
:104E200004B010BDC16C036811F04051026840F03D
:104E3000038113F0040300F0FF80C2F3C1000AE114
:104E40000068800040F1EB8001A8FFF705FE0398A1
:104E500004B010BD0068000140F1E18001A8FFF737
:104E600063FD029804B010BD0868000140F1D780CE
:104E700075E000BF0868800040F1D18079E000BF94
:104E8000C86C0B6810F04052086803D113F004039B
:104E900040F0DF80B2F1805F40F0818010F48070DC
:104EA00040F0D0807BE000BF0868000140F1B7808F
:104EB00055E000BF0868800040F1B18059E000BFB4
:104EC000C86C0B6810F04052086803D113F004035B
:104ED00040F0BF80B2F1805F61D110F4807040F08B
:104EE000B1805CE00868000140F1998037E000BFC4
:104EF0000868800040F193803BE000BFC86C0B68FD
:104F000010F04052086803D113F0040340F0A18070
:104F1000B2F1805F43D110F4807040F093803EE0A6
:104F20000868000140F17B8019E000BF086880003C
:104F300075D51EE0C86C0B6810F04052086803D1AC
:104F400013F0040340F08580B2F1805F27D110F4A4
:104F5000807077D123E000BF086800015FD501A809
:104F6000FFF7E2FC019804B010BD00BF08688000A4
:104F700055D501A8FFF770FD019804B010BD00BF22
:104F8000C86C0B6810F04052086802D113F004039B
:104F90005FD1B2F1805F02D110F4807052D1086805
:104FA00010F400301CBF47F64000C0F27D10B2F193
:104FB000005F18BF002004B010BD00BF20680001D2
:104FC0002DD518E02068800029D51EE02068400714
:104FD00025D520683DE000BF206824E0206847F622
:104FE00040018003C0F27D1101EAE07004B010BD01
:104FF0000068000113D501A8FFF796FC029804B0E1
:1050000010BD00BF0068800009D501A8FFF724FD8E
:10501000029804B010BD00BF0168490718D40020F1
:1050200004B010BD006840F60011C005C0F23D019B
:1050300001EAE07004B010BDB1F1805F14D112F448
:10504000807211D040F60010C0F23D0004B010BDD7
:105050000068C0F3C10049F20001C0F2D03121FA6A
:1050600000F004B010BD00BF006810F400301CBF99
:1050700047F64000C0F27D10B1F1005F18BF00207C
:1050800004B010BD000000002DE9F0470446C078D0
:1050900044F22C480007C5F6020833D5A06E4FEA4B
:1050A000305103290CD8DFE801F003111D2600BFA1
:1050B000D8F8001041F40031C8F800101BE000BF20
:1050C00001266078C0070BD020E000BF04F1080083
:1050D000022102F0E1FF064660B16078C00715D1F9
:1050E000354646E004F12800022103F069F806463F
:1050F0000028F2D1A06ED8F8241021F44011084302
:10510000C8F8240000266078C007E9D0A06D042804
:105110000ED83546DFE800F00412181E1E0000BF4E
:10512000D8F80000354640F40030C8F8000011E01F
:1051300001250127607880071FD452E004F10800A0
:10514000002102F0A9FF04E004F12800002103F08F
:1051500037F805462F461DB1607880070DD440E032
:10516000D8F82400A16D20F0070000250843C8F8F6
:10517000240037466078800733D5E06D4FEAB010E1
:1051800004280DD8DFE800F00412181E1E0000BF2E
:10519000D8F8000040F40030C8F8000012E000BF6A
:1051A00001250126607840071FD455E004F108006E
:1051B000002102F071FF04E004F12800002102F058
:1051C000FFFF05462E461DB1607840070DD443E031
:1051D000D8F82400E16D20F4E07000250843C8F8F9
:1051E00024003E466078400736D5D4F8A8004FEA40
:1051F000705004280CD8DFE800F00313191F1F00BB
:10520000D8F8000040F40030C8F8000014E000BFF7
:1052100001254FF001096078000721D456E000BF56
:1052200004F10800002102F037FF04E004F1280037
:10523000002102F0C5FF0546A9461DB160780007B0
:105240000ED443E0D8F82C00D4F8A81020F4600065
:1052500000250843C8F82C00B1466078000735D512
:10526000D4F8AC004FEA306004280DD8DFE800F035
:105270000412181E1E0000BFD8F8000040F40030D1
:10528000C8F8000012E000BF01250127E078800780
:1052900020D44EE004F10800002102F0FDFE04E0FD
:1052A00004F12800002102F08BFF05462F461DB1B6
:1052B000E07880070ED43CE0D8F82C00D4F8AC108D
:1052C00020F0E06000250843C8F82C004F46E07845
:1052D00080072ED5E06C4FEA301003280ED8DFE8A7
:1052E00000F00903130900BFD8F8000040F40030B3
:1052F000C8F800002E467DB912E000BF0125012646
:105300006078C00619D44CE004F10800022102F0D4
:10531000C3FE05462E461DB16078C0060DD440E0A0
:10532000D8F82000E16C20F0300000250843C8F8D0
:1053300020003E466078C00633D5206E4FEA3030FC
:1053400004280DD8DFE800F00412181E1E0000BF6C
:10535000D8F8000040F40030C8F8000012E000BFA8
:1053600001250127607880061FD44EE004F1080073
:10537000002102F091FE04E004F12800002102F077
:105380001FFF05462F461DB1607880060DD43CE016
:10539000D8F82400216E20F4E04000250843C8F826
:1053A00024003746607880062FD5606E4FEA304083
:1053B000052809D8DFE800F0040E1404040400BF37
:1053C0002E46ADB918E000BF0125012660784006E1
:1053D0001FD44FE004F10800012102F05DFE04E05B
:1053E00004F12800012102F0EBFE05462E461DB116
:1053F000607840060DD43DE0D8F82400616E20F4BA
:10540000E02000250843C8F824003E4660784006A6
:1054100030D5D4F8B0004FEA3070052808D8DFE85E
:1054200000F0030D130303032F46ADB918E000BFCE
:10543000012501276078000620D442E004F108002D
:10544000012102F029FE04E004F12800012102F00C
:10545000B7FE05462F461DB1607800060ED430E039
:10546000D8F82C00D4F8B01020F0E0400025084314
:10547000C8F82C0037466078000622D5206F58B156
:10548000B0F1005F0CD0B0F1805F2FD1D8F80000F0
:1054900040F40030C8F800002E469DB908E000BF77
:1054A00004F10800012102F0F7FD05462E464DB932
:1054B000D8F82400216F20F0405000250843C8F898
:1054C00024003E46E078C00733D0A06C032813D8F0
:1054D000DFE800F008021A08D8F8000040F40030B5
:1054E000C8F80000A946BDB91AE000BF0125012691
:1054F000E078C007E9D11CE001254FF00109A07850
:1055000040061AD51CE000BF04F10800022102F099
:10551000C3FD0546A9461DB1A07840060DD50FE094
:10552000D8F82000A16C20F0030000250843C8F83B
:105530002000B146A078400602D44F4618E000BFD4
:10554000D8F8D40340F48070C8F8D403FEF7F4FF11
:10555000064600BFD8F8D403C00507D4FEF7ECFF19
:10556000801B6428F6D90325032701E02F468DB15F
:105570002078C00761D0E06F4FEAF00005283BD8E3
:10558000DFE800F004404604040400BF002D2E466E
:1055900046D149E0D8F84410D4F8B400414011F4A1
:1055A000407F11D0D8F84410D8F8442042F480321B
:1055B000C8F84420D8F8442021F4407122F4803205
:1055C000C8F84420C8F84410B0F5807F40F0E0826D
:1055D000FEF7B2FF064641F2883A0325032700BFD3
:1055E000D8F84400800700F1D182FEF7A5FF801BA8
:1055F0005045F5D9BCE700BF01260125207880077A
:105600001FD44CE004F10800012102F045FD04E044
:1056100004F12800012102F0D3FD05462E461DB1FC
:10562000207880070DD43AE0D8F82800E16F20F008
:10563000380000250843C8F828003E462078800737
:105640002DD5A06F052809D8DFE800F0040E14045A
:10565000040400BF2F46ADB918E000BF01270125A3
:10566000207840071FD44DE004F10800012102F02A
:1056700013FD04E004F12800012102F0A1FD05461C
:105680002F461DB1207840070DD43BE0D8F8280004
:10569000A16F20F0070000250843C8F8280037460E
:1056A000207840072ED5D4F89400052808D8DFE8E4
:1056B00000F0030D130303032E46ADB918E000BF3D
:1056C000012601252078800620D451E004F108004D
:1056D000012102F0E1FC04E004F12800012102F0C4
:1056E0006FFD05462E461DB1207880060ED43FE0A2
:1056F000D8F82C00D4F8941020F0070000250843B7
:10570000C8F82C003E462078800631D5D4F89000A9
:105710004FEA3070052809D8DFE800F0040E1404C1
:10572000040400BF2F46ADB918E000BF01270125D2
:105730002078400620D451E004F10800002102F056
:10574000ABFC04E004F12800022102F039FD05461B
:105750002F461DB1207840060ED43FE0D8F828002F
:10576000D4F8901020F0E04000250843C8F8280045
:1057700037462078400631D5D4F89C004FEAB02057
:10578000052809D8DFE800F0040E1404040400BF63
:105790002E46ADB918E000BF01260125207800068D
:1057A00020D454E004F10800002102F075FC04E06C
:1057B00004F12800022102F003FD05462E461DB12A
:1057C000207800060ED442E0D8F82C00D4F89C10C3
:1057D00020F4E05000250843C8F82C003E4620780D
:1057E000000634D5D4F8A0004FEA703005280FD851
:1057F000DFE800F004141A04040400BF2F46E5B1EA
:105800002068010727D4C1063ED4000355D475E0B3
:105810000127012520680107F5D51CE004F10800E7
:10582000002102F039FC04E004F12800022102F01A
:10583000C7FC0546002D2F46E2D1D8F82C00D4F83D
:10584000A01020F4604000250843C8F82C0037461B
:1058500020680107D7D5D4F88410B1F5805F0AD14C
:1058600004F12800022102F0ABFC002818BF012738
:105870002068D4F88410D8F8282022F4405211432C
:10588000C8F82810C106C0D5D4F89810B1F5807FAB
:105890000AD104F12800022102F092FC002818BF6E
:1058A00001272068D4F89810D8F82C2022F44072F0
:1058B0001143C8F82C10000320D5D4F8A400B0F58B
:1058C000003F0FD0B0F5803F06D078BB04F1080050
:1058D000002102F0E1FB04E004F12800022102F0C3
:1058E0006FFC05462E4655B9D8F82C00D4F8A41004
:1058F00020F4403000250843C8F82C003E46A0782C
:1059000040072BD5D4F88800B0F5401F0BD0B0F578
:10591000001F11D0B0F5801F2AD1D8F8000040F444
:105920000030C8F800002F46CDB90DE00126012552
:10593000A0784007E6D411E004F12800012102F02C
:105940003FFC05462F4655B9D8F82800D4F88810F2
:1059500020F4401000250843C8F828003746A078F6
:10596000C0070AD13E462168880016D533E000BF43
:1059700001270125A078C007F4D0206DB0F5803F45
:1059800010D018BBD8F8000040F40030C8F8000070
:105990002E4685B1216888001DD460688A0326D40C
:1059A0006BE000BF04F10800022102F075FB054620
:1059B000002D2E46EED1D8F82000216D20F4803045
:1059C00000250843C8F82000CCE700BF01260125C8
:1059D00021688800E1D504F12800022102F0F0FBE3
:1059E000002818BF0126D4E900108A0345D5D4F851
:1059F00080206FF0010303EB3223022B0BD34FEA1D
:105A0000322343B1012B40F0BB80D8F8003043F47F
:105A10000033C8F800304DB3CA0231D4CA0039D4BB
:105A20008A0242D44A004AD4B1F1FF3F57DD09024D
:105A30005FD4C10768D1810771D441077BD40107C6
:105A400000F18580C10600F18E80800607D504F143
:105A50002800022102F0B4FB002818BF0125002D08
:105A600018BF01252846BDE8F08700BFD8F82830C8
:105A700023F440731A43C8F828203546CA02CDD50E
:105A8000D8F82420636F22F000421A43C8F824207B
:105A9000CA00C5D558F81C2CD4F8B83022F480427E
:105AA0001A4348F81C2C8A02BCD5D8F82420E36E8F
:105AB00022F080721A43C8F824204A00B4D558F85E
:105AC0001C2C22F4004248F81C2CD4F8BC2058F8B6
:105AD0001C3C1A4348F81C2CB1F1FF3FA7DCD8F856
:105AE0002020636D22F040521A43C8F8202009029A
:105AF0009FD5D8F82810D4F88C2021F44001114308
:105B0000C8F82810C10796D004F10800002102F05F
:105B1000C3FA002818BF0546606881078DD504F1D7
:105B20000800012102F0B8FA002818BF0546606895
:105B300041077FF584AF04F10800022102F0ACFABE
:105B4000002818BF0546606801077FF57BAF04F1A8
:105B50002800002102F034FB002818BF05466068C9
:105B6000C1067FF572AF04F12800012102F028FB85
:105B7000002818BF0546606880067FF570AF66E7AD
:105B80000125CA027FF54AAF7AE700BFD4F8B40016
:105B90004FF6CF7358F81C2CC0F2FF0300F440718D
:105BA00022F47C5203EA10136FF31F30B1F5407FEB
:105BB00008BF1A43002548F81C2CD8F844100843A5
:105BC000C8F84400FFF7B9BC2DE9F04381B00028C4
:105BD00000F02A8142F200080446C5F200288946F6
:105BE000D8F8000000F00F0088420ED2D8F800006C
:105BF00020F00F0040EA0900C8F80000D8F80000C3
:105C000000F00F00484540F00F81206844F218472B
:105C10004107C5F602070AD521693A6802F0700209
:105C2000914204D93A6822F07002114339600107A9
:105C30000AD561697A6802F07002914204D97A68E3
:105C400022F0700211437960C1060AD5A1697A6811
:105C500002F4E062914204D97A6822F4E0621143CE
:105C6000796081060AD5E169BA6802F07002914252
:105C700004D9BA6822F070021143B96010F0020131
:105C80000AD0E2683B6803F00F039A4204D93B68EC
:105C900023F00F031A433A60C20746D0386820F455
:105CA0007061D4E90102012841EA0201396009D09A
:105CB00003280DD0022811D157F8181C890340F190
:105CC000B38010E057F8181CC90540F1AD800AE018
:105CD00057F8181C890140F1A78004E057F8181CF8
:105CE000490740F1A18057F8081C21F0070108433B
:105CF00047F8080CFEF720FC064641F2883500BF45
:105D000057F8080C616800F03800B0EBC10F09D0FB
:105D1000FEF712FC801BA842F2D9032001B0BDE8B7
:105D2000F08300BF206800F0020151B1E1683A68D9
:105D300002F00F02914204D23A6822F00F0211439E
:105D40003960D8F8001001F00F0149450DD9D8F895
:105D5000001021F00F0141EA0901C8F80010D8F83D
:105D6000001001F00F0149455ED141070AD52169B4
:105D70003A6802F07002914204D23A6822F070024E
:105D80001143396001070AD561697A6802F070022F
:105D9000914204D27A6822F0700211437960C10600
:105DA0000AD5A1697A6802F4E062914204D27A6865
:105DB00022F4E0621143796080060AD5E069B9688F
:105DC00001F07001884204D2B96821F070010843E3
:105DD000B86000F0B5F839684FF6BC333A68C0F6E1
:105DE0000003C1F3032102F00F02595C9A5C01F039
:105DF0001F0120FA01F102F01F0041F2902221FA66
:105E000000F0C2F20142106041F2882041F28C227F
:105E1000C2F20140C2F201420068116001B0BDE867
:105E2000F043FEF7D5BB00BF012001B0BDE8F08311
:105E300080B500F085F844F218414FF6BC33C5F642
:105E40000201C0F600030A68096801F00F01C2F3FD
:105E50000322595C9A5C02F01F0220FA02F201F060
:105E60001F0041F2902122FA00F0C2F201410860C5
:105E700041F28C21C2F201410A6080BD00000000A5
:105E800080B500F05DF844F2184C4FF6BC31C5F611
:105E9000020CC0F60001DCF80020DCF8003003F052
:105EA0000F03C2F30322CB5C8A5C02F01F02D040D6
:105EB00003F01F0241F2902320FA02F2C2F20143E2
:105EC0001A6041F28C23C2F201431860DCF804002E
:105ED000C0F30210085C00F01F0022FA00F080BD41
:105EE00080B500F02DF844F2184C4FF6BC31C5F6E1
:105EF000020CC0F60001DCF80020DCF8003003F0F2
:105F00000F03C2F30322CB5C8A5C02F01F02D04075
:105F100003F01F0241F2902320FA02F2C2F2014381
:105F20001A6041F28C23C2F201431860DCF80400CD
:105F3000C0F30220085C00F01F0022FA00F080BDD0
:105F400044F20041C5F602010869C0F3C20003280B
:105F500010D002282CD088BB0868800649F20000C7
:105F6000C0F2D03058BF70470968C1F3C101C840C2
:105F7000704700BF8A6A886AC0F3051CC86ABCF112
:105F8000000F4B6B20D0C3F3CC0300F0010058434B
:105F900002F00302022A00EE100AB8EE400A15D001
:105FA000C2B90868800619D49FED281A23E000BF03
:105FB00047F64000C0F27D10704700BF40F6001069
:105FC000C0F23D00704700BF002070479FED1E1AD1
:105FD00011E000BF9FED1B1A0DE000BF086849F2F9
:105FE0000002C0F2D032C0F3C10022FA00F001EE8C
:105FF000100AB8EE411A086B9FED153A6FF35F2057
:1060000002EE100A086BC0F34620B8EE422A0130B7
:1060100000EE032A00EE10CAB7EE003AB8EE400ACE
:1060200081EE000A32EE031A20EE010A01EE100A98
:10603000B8EE411A80EE010ABCEEC00A10EE100A5A
:10604000704700BF0024744A20BCBE4B0024744C2F
:106050000000003900000000F0B581B0002800F019
:1060600063810446007844F20046C007C5F6020684
:1060700022D12078800740F1BC80306910F03801CF
:10608000B06A3FD0182908BF5FEA80703AD0E06854
:106090003168002862D021F0190108433060FEF712
:1060A0004BFA05463068400748D4FEF745FA401BD6
:1060B0000228F7D977E100BF306900F03801B06AF3
:1060C000102905D018290BD100F00300022807D1B0
:1060D00030688003CDD560680028CAD124E100BFB4
:1060E000606800284CD0B0F5A02F61D0B0F5803F9B
:1060F00062D0306820F480303060306820F4802036
:106100005DE000BF30684007E06802D5002800F07D
:106110000B81316821F0190108433060FEF70CFA59
:10612000054600BF3068400708D4FEF705FA401B5B
:1061300002284FF00300F5D921E200BFFEF7F4F981
:1061400041F20301884249D820697168402821F44E
:106150007C314BD141F400304AE000BF21F0010016
:106160003060FEF7E9F905463068400741D5FEF793
:10617000E3F9401B02284FF00300F5D9FFE100BF0F
:10618000306820F480303060306820F48020306047
:10619000FEF7D2F9054600BF306880037FF569AF8E
:1061A000FEF7CAF9401B64284FF00300F4D9E6E17A
:1061B000306840F480203060306840F480303060D7
:1061C000FEF7BAF9054600BF306880033FF551AFCE
:1061D000FEF7B2F9401B6428F6D9E4E07068216943
:1061E00020F0FE4040EA016002E000BF41EA0030DA
:1061F00070602078C00654D5306900F03801B06A6C
:10620000082905D0182919D100F00300012815D15B
:106210003068C00503D5E069802840F08580FEF72E
:1062200083F941F2030188421ED8206A7168202850
:1062300021F0F84132D141F0804031E0E06900289E
:10624000306819D040F080003060FEF775F90546DF
:106250003068C005E3D4FEF76FF9401B02284FF009
:106260000300F5D98BE100BFF068216A20F07C5073
:1062700040EA0160F06014E020F080003060FEF73A
:106280005BF905463068C0050BD5FEF755F9401B94
:1062900002284FF00300F5D971E100BF41EA8060A8
:1062A00070602078000743D42078800654D420788A
:1062B000400765D4656A9DB3306900F0380018283E
:1062C00040F0A880012DB16A306B2DD001F003029F
:1062D000A36A9A4228D1C1F30511E26A914223D1FF
:1062E0000146226B6FF35F21013A91421CD1C0F34A
:1062F0004622616B01398A4216D1C0F30642A16B76
:1063000001398A4210D1C0F30660E16B013988423D
:106310000AD1706BA16CC0F3CC00814240F0328195
:10632000002001B0F0BD00BF012001B0F0BD00BFF2
:1063300060690028706F39D040F001007067FEF787
:10634000FBF80546706F8007AED4FEF7F5F8401BEA
:106350000228F7D927E000BFA0690028306847D09D
:1063600040F480503060FEF7E7F80546306880045E
:106370009DD4FEF7E1F8401B0228F7D913E000BFD7
:10638000D6F8000440F48070C6F80004FEF7D4F894
:10639000054600BFD6F80004C00519D4FEF7CCF8B6
:1063A000401B6428F6D9032001B0F0BD20F00100A5
:1063B0007067FEF7C1F80546706F80077FF574AF10
:1063C000FEF7BAF8401B02284FF00300F4D9D6E0DC
:1063D000A068002840D0052858D001285AD0306F36
:1063E00020F001003067306F20F0040055E000BF5E
:1063F00020F480503060FEF79FF805463068800436
:106400007FF555AFFEF798F8401B02284FF00300C8
:10641000F4D9B4E0306820F080703060FEF78CF87A
:10642000022D05460CD100BF3068800148D5FEF72B
:1064300083F8401B02284FF00300F5D99FE000BF0E
:10644000306880017FF56CAFFEF776F8401B0228BC
:106450004FF00300F4D992E0306F20F00100306774
:10646000306F20F004003067FEF766F8054641F211
:106470008837306F80077FF51DAFFEF75DF8401B52
:10648000B8424FF00300F4D979E000BF306F40F01C
:1064900004003067306F40F001003067FEF74CF8C1
:1064A000054641F2883700BF306F80073FF502AFE5
:1064B000FEF742F8401BB8424FF00300F4D95EE00B
:1064C00004F12807B06A40F2F33188438ECF0843C5
:1064D000591E40EA02104FF47E426FF35F21B06212
:1064E00002EB47204FF4FE0280B2E36B0844A16B3D
:1064F00002EB01414FF0FE4201F4FE0102EB0362A8
:10650000084402F0FE4108443063F06A4FF6F87127
:1065100020F00100F062706BA26C884340EAC20078
:106520007063F06A216C20F00C000843F062F06A9E
:10653000616C20F002000843F062F06A40F48030A1
:10654000F062F06A40F40030F062F06A40F48020BB
:10655000F062F06A40F00100F062306840F0807054
:106560003060FDF7E9FF0446306880013FF5D8AEA2
:10657000FDF7E2FF001B02284FF00300F4D901B041
:10658000F0BD00BFF06A20F00100F062FDF7D4FF1B
:106590000546FDF7D1FFA842FBD0706B4FF6F871AE
:1065A000A26C884340EAC2007063F06A40F00100C8
:1065B000F062002001B0F0BD411E0020B0EB116F71
:1065C00002D00120704700BF4EF21002F023CEF23D
:1065D000000251604EF62351CEF200010B700721EC
:1065E0009060116070470000B0B590F83C20012A1F
:1065F0004FF002025BD080F83D2040F2004C026870
:10660000C4F2010C42F4806363455368D2F808E099
:1066100002BF23F470034C68234341F2FF740D68FA
:10662000C4F2000423F07003A24243EA050353605E
:106630000CDC40F2FF73C4F200039A4216DCB2F1A4
:10664000804F29D040F2004318E000BF40F2FF33F2
:10665000C4F201039A4217DC41F60003C4F20003BE
:106660009A4219D00023C4F2010309E040F6000366
:10667000C4F200039A420FD040F60043C4F2000374
:106680009A4209D00DE000BF44F20003C4F20103B6
:106690009A4201D0624504D12EF0800389681943E3
:1066A00091600022012180F83D1080F83C201046C6
:1066B000B0BD00000000000060B310B5044690F8C3
:1066C0003D0028B9002084F83C00204600F024F862
:1066D000022084F83D002068211D02F00DF8012001
:1066E00084F8480084F83E0084F83F0084F84000B5
:1066F00084F8410084F8420084F8430084F84400A0
:1067000084F8450084F8460084F8470084F83D008A
:10671000002010BD0120704781B041F200010068E7
:10672000C4F20001884201D001B0704744F2E84051
:10673000C5F60200016841F010010160006800F038
:1067400010000090009801B07047000000000000A9
:1067500090F83D10012917D1022180F83D10016801
:1067600041F2FF70C4F2000081420FDC40F2FF7082
:10677000C4F20000814217DCB1F1804F2CD040F20E
:106780000040C4F2000025E00120704740F2FF30D5
:10679000C4F20100814213DC41F60000C4F20000A3
:1067A000814219D0002013E040F60000C4F200003E
:1067B000814211D040F60040C4F200000AE000BF60
:1067C00044F20000C4F20100814205D040F20040D2
:1067D000C4F2010081420BD107228868C0F2010295
:1067E00002400020062A18BFB2F5803F00D1704752
:1067F000086840F0010008600020704700000000B9
:106800000146006841F21113026AC0F211031A42F4
:1068100004D00020012281F83D207047026A40F236
:1068200044431A42F5D1026822F0010202600020BE
:10683000012281F83D20704790F88410012901D190
:10684000022070472421C0F888100268136811687C
:1068500023F0005321F00101116000214166136013
:106860002022C0F8882080F8841008467047000075
:1068700010B50446D0F88C00202805D1012000294D
:1068800018BF002A02D110BD022010BD0120E06611
:1068900000202067204603F037F9002818BF10BDFC
:1068A000E06E012832D120681021016250E8000F0B
:1068B000216840F0100041E800024AB3206850E827
:1068C000000F216840F0100041E8000202B3206888
:1068D00050E8000F216840F0100041E80002BAB112
:1068E000206850E8000F216840F0100041E80002E5
:1068F00072B1206850E8000F216840F0100041E8B4
:1069000000020020002AD9D1BDE700BF012010BD40
:10691000002010BD0000000044F600020068C4F230
:10692000000290420CD041F20002C4F201029042F7
:1069300005D141F2B430C2F20140027862B1704731
:1069400041F2B430C2F201404278002A18BF7047C9
:1069500081800121417070474180012101707047A1
:10696000704700000000000070B590F88420012AF4
:1069700002D1022070BD00BF2422C0F88820026826
:10698000D0F864E0BEF1000FD2F800C0136823F025
:1069900001031360936823F0606341EA030191608F
:1069A0001AD091684FF6E43E9368C0F6000E5B0F74
:1069B0004FF6EC35C1F34266C0F600051EF8034001
:1069C000E95C2301B3FBF1F11EF80630AE5D1B015B
:1069D000B3FBF6F302E000BF01210123A0F86A1027
:1069E0002021A0F86830C2F800C0C0F8881000214B
:1069F00080F88410084670BD70B590F88420012A94
:106A000002D1022070BD00BF2422C0F88820026895
:106A1000D0F864E0BEF1000FD2F800C0136823F094
:106A200001031360936823F0604341EA030191601E
:106A30001AD091684FF6E43E9368C0F6000E5B0FE3
:106A40004FF6EC35C1F34266C0F600051EF8034070
:106A5000E95C2301B3FBF1F11EF80630AE5D1B01CA
:106A6000B3FBF6F302E000BF01210123A0F86A1096
:106A70002021A0F86830C2F800C0C0F888100021BA
:106A800080F88410084670BD7047000000000000C8
:106A9000704700000000000010B50446206850E870
:106AA000000F216820F4907041E80002002A1FBF07
:106AB000206850E8000F216820F490701CBF41E866
:106AC0000002002A12D0206850E8000F216820F44C
:106AD000907041E800024AB1206850E8000F216838
:106AE00020F4907041E80002002AD7D14FF6FE70E2
:106AF000CEF6FF70216851E8021F2268014042E88B
:106B00000213002B1FBF216851E8021F22680140B9
:106B10001CBF42E80213002B10D0216851E8021F6D
:106B20002268014042E8021343B1216851E8021F84
:106B30002268014042E80213002BDBD1E06E0128FD
:106B400028D100BF206850E8000F216820F0100015
:106B500041E80002002A1FBF206850E8000F2168AA
:106B600020F010001CBF41E80002002A12D020686B
:106B700050E8000F216820F0100041E800024AB1FF
:106B8000206850E8000F216820F0100041E8000262
:106B9000002AD7D12068816849063BD550E8020F0A
:106BA000216820F0400041E80202FAB1206850E874
:106BB000020F216820F0400041E80202002A1FBFB6
:106BC000206850E8020F216820F040001CBF41E817
:106BD0000202002A0AD0206850E8020F216820F043
:106BE000400041E802020AB12068D7E7D4F88000EB
:106BF00080B100210165FBF77BFC58B1D4F880001F
:106C0000FCF736FA202805D11020C4F890000320A4
:106C100010BD00BF20680F210162816941F00801A9
:106C200081612020C4F88C000020E06610BD0000C7
:106C30007047000000000000B0B50446006840F650
:106C40002F01C26905681140D0F808E020290BD156
:106C500005F020010EF08053C91823D0616FD1B325
:106C60002046BDE8B040084740F60F010A4219D05F
:106C7000012140F22013C1F20001C0F200430EEAEC
:106C8000010C05EA030111EB0C010BD0D10718BF71
:106C900015F4807140F0C68191070EF0010300F1F8
:106CA000CD81D4E105EA0203D906E16E14D50129AC
:106CB00012D1102101628168490600F19D80B4F86B
:106CC0005C10B4F85E20B4F85E30002B1CBF891A4B
:106CD0005FEA01422FD1B0BDD10240F159811EF4CB
:106CE000800100F055814FF4801101622046BDE81B
:106CF000B040FFF7CDBE00BF206850E8000F22680B
:106D000020F4907042E80003002B1FBF206850E879
:106D1000000F226820F490701CBF42E80003002B93
:106D200012D0206850E8000F226820F4907042E8EA
:106D300000034BB1206850E8000F226820F49070E7
:106D400042E80003002BD7D14FF6FE70CEF6FF705D
:106D5000226852E8022F2368024043E80225002DF2
:106D60001FBF226852E8022F236802401CBF43E87D
:106D70000225002D10D0226852E8022F236802401D
:106D800043E8022545B1226852E8022F23680240F9
:106D900043E80225002DDBD12020C4F88C00002020
:106DA000E0666067206850E8000F226820F010005D
:106DB00042E80003002B1FBF206850E8000F226844
:106DC00020F010001CBF42E80003002B12D0206806
:106DD00050E8000F226820F0100042E800034BB199
:106DE000206850E8000F226820F0100042E80003FD
:106DF000002BD7D189B227E2D4F8803019684A68CD
:106E0000B4F85CC091B2002900F01682614580F0B0
:106E10001382A4F85E20D969B1F5807F00F0AC80C0
:106E200050E8000F216820F4807041E80002FAB1B8
:106E3000206850E8000F216820F4807041E80002CB
:106E4000002A1FBF206850E8000F216820F48070DE
:106E50001CBF41E80002002A0AD0206850E8000F59
:106E6000216820F4807041E800020AB12068D7E769
:106E7000206850E8020F216820F0010041E802027A
:106E8000002A1FBF206850E8020F216820F001008F
:106E90001CBF41E80202002A26D0206850E8020FF9
:106EA000216820F0010041E80202EAB1206850E8C0
:106EB000020F216820F0010041E80202002AD7D128
:106EC00012E000BF206850E8020F216820F0400067
:106ED00041E80202EAB1206850E8020F216820F080
:106EE000400041E80202A2B1206850E8020F216888
:106EF00020F0400041E80202002A1FBF206850E84D
:106F0000020F216820F040001CBF41E80202002A65
:106F1000D8D12020C4F88C000020E066206850E81A
:106F2000000F216820F0100041E80002002A1FBF76
:106F3000206850E8000F216820F010001CBF41E8D5
:106F40000002002A12D0206850E8000F216820F0CB
:106F5000100041E800024AB1206850E8000F2168A3
:106F600020F0100041E80002002AD7D1D4F88000B8
:106F7000FBF7BEFAB4F85CC002202067B4F85E00EC
:106F8000ACEB000081B22046BDE8B040FFF7C4BCC6
:106F900011060BD505F0800C0EF4000111EB0C016D
:106FA00004D0A16F00297FF45BAE94E659060BD4A0
:106FB000100240F17D8115F0804000F0798120467B
:106FC000BDE8B040FFF760BD50E8000F216820F039
:106FD000400041E80002002A00F04681206850E8A5
:106FE000000F216820F0400041E80002002A1FBF86
:106FF000206850E8000F216820F040001CBF41E8E5
:107000000002002A00F03081206850E8000F21685B
:1070100020F0400041E80002002A00F025812068AD
:10702000D2E700BF01210162D4F8901041F00101C4
:10703000C4F8901091070EF0010308D53BB102216E
:107040000162D4F8901041F00401C4F89010510787
:1070500008D53BB104210162D4F8901041F002013F
:10706000C4F8901011070CD505F0200151EA0C016D
:1070700007D008210162D4F8901041F00801C4F84B
:10708000901011050BD515F0806108D04FF4006108
:107090000162D4F8901041F02001C4F89010D4F8A7
:1070A000901000293FF417AE12F020010AD005F02D
:1070B00020010EF08052891804D0616F11B1204672
:1070C00088472068D4F89010826802F0400201F0EE
:1070D0002801891800F0C08050E8000F216820F4D2
:1070E000907041E80002FAB1206850E8000F216872
:1070F00020F4907041E80002002A1FBF206850E889
:10710000000F216820F490701CBF41E80002002AA3
:107110000AD0206850E8000F216820F4907041E800
:1071200000020AB12068D7E74FF6FE70CEF6FF7076
:10713000216851E8021F2268014042E80213002B37
:107140001FBF216851E8021F226801401CBF42E8AE
:107150000213002B10D0216851E8021F2268014061
:1071600042E8021343B1216851E8021F226801403E
:1071700042E80213002BDBD1E06E012828D100BFCA
:10718000206850E8000F216820F0100041E800025C
:10719000002A1FBF206850E8000F216820F010006F
:1071A0001CBF41E80002002A12D0206850E8000FFE
:1071B000216820F0100041E800024AB1206850E840
:1071C000000F216820F0100041E80002002AD7D10A
:1071D0002020C4F88C000021E16620686167816886
:1071E00049065FD550E8020F216820F0400041E8D1
:1071F0000202002A42D0206850E8020F216820F0E5
:10720000400041E80202002A1FBF206850E8020F38
:10721000216820F040001CBF41E80202002A2DD066
:10722000206850E8020F216820F0400041E8020287
:1072300022B32068D6E700BF8C457FF44CADD869F7
:10724000B0F5807F7FF447AD022020672046BDE87F
:10725000B040FFF761BB00BF2046FFF7E9FC00200C
:10726000C4F89000B0BD00BF2020C4F88800002002
:10727000A0672046BDE8B04000F00EBAD4F8800008
:1072800080B149F24111C0F600010165FBF7CCFB6A
:1072900000283FF420ADD4F88000016DBDE8B04077
:1072A000084700BF2046BDE8B040FFF7C1BC00BFA3
:1072B000D0017FF510ADB5F1FF3FC8BFB0BD20468E
:1072C000BDE8B040FFF74CBB10B5E0B10446D0F8C4
:1072D000880028B9002084F88400204600F028F8AF
:1072E0002420C4F888002068A16A0268002922F0DE
:1072F0000101016002D0204601F0F6FD204602F0B7
:1073000013F9012802D1012010BD00BF2068416897
:1073100021F490414160816821F02A018160016877
:1073200041F0010101602046BDE8104001F04CBE73
:1073300070B5B8B0044602A8C0210026CDE9366673
:10734000CDE934663396F8F7FFFF44F60001206874
:10735000C4F20001884257D041F20001C4F2010199
:10736000884240F0A7800120029002A800260396E0
:107370002196FDF789FE08B1F9F7D6FF44F2E04007
:10738000C5F60200016941F010010161016901F0D7
:10739000100101910199016841F00201016000684A
:1073A00033A900F00200019001984FF4404033905F
:1073B0000220CDE934060420379040F20040369692
:1073C000C5F60200FCF7A4FF41F2A0552820C2F246
:1073D0000145C4F2020028602920C5E901064FF4E6
:1073E0008060EE60C5E904062846C5E90666C5E981
:1073F0000866FCF761FA08B1F9F796FFC4F8805007
:10740000AC6338B070BD00BF02A803960225029598
:107410002096FDF739FE08B1F9F786FF44F2E04007
:107420000026C5F60200816841F4802181608168F0
:1074300001F4802101910199016841F0020101608C
:10744000006833A900F00200019001984FF44060F9
:10745000CDE933050720379040F20040C5F6020021
:10746000CDE93566FCF754FF41F218652820C2F2D9
:107470000145C4F20200183028602D20C5E901063C
:107480004FF48060EE60C5E904062846C5E906664B
:10749000C5E90866FCF710FA08B1F9F745FF27209F
:1074A00000210022C4F88050AC63FDF729F92720A1
:1074B000FDF716F938B070BD7047000000000000FD
:1074C00070470000000000002DE9F0410446D0F8AC
:1074D000880020284CD10F4600294FF0010000F011
:1074E000CF801646002A08BFBDE8F0811D464FF048
:1074F0000008C4F890802120C4F88800FDF71CF82B
:10750000A4F85460A4F856600646A168B1F5805FFF
:1075100005D12069002814BF3846B8460746B4F89C
:10752000560048B3681C29D0002D77D1206800BFD1
:10753000C169090640F1A68017B117F8011B04E0E4
:1075400038F8021B00276FF35F218162D4F888109E
:1075500001F02101212940F08980B4F85610013949
:10756000A4F85610B4F856100029E1D12FE000BF5E
:107570000220BDE8F08100BF206828E0206802E01A
:10758000C169090609D4C16909065FBFC1695FEA1B
:107590000161C1695FEA0161F2D51FB117F8011BF2
:1075A00005E000BF38F8021B00276FF35F218162FE
:1075B000D4F8881001F02101212957D1B4F85610D0
:1075C0000139A4F85610B4F856100029DBD1C1696E
:1075D000490610D4002D4DD0691C18D1C169490647
:1075E0005FBFC1695FEA4161C1695FEA416102D47D
:1075F000C1694906F2D52020C4F888000020BDE802
:10760000F08100BF20680168C0694006F3D4FCF730
:1076100093FF801BA842F5D92EE000BF206800BF71
:10762000C169090608D4FCF787FF801BA8422BD844
:1076300020680168F4E700BF17B117F8011B04E0E8
:1076400038F8021B00276FF35F218162D4F888109D
:1076500001F02101212909D1B4F856100139A4F80B
:107660005610B4F856100029DAD1B0E70120BDE871
:10767000F08100BFFCF760FF2020C4F888000320E1
:10768000BDE8F081FCF758FF2020C4F888000320F3
:10769000BDE8F0810000000070470000000000001D
:1076A00083B010B5A1B001ACCDE9231202462593F9
:1076B00023AB80212046009306F0E8FC012812DB72
:1076C0007D2806D821184FF6FF7222520330FF2280
:1076D0008A7082B241F6C810C2F2014001A94FF08F
:1076E000FF33FFF7F1FE21B0BDE8104003B0704753
:1076F0002DE9F0410446FCF71FFF41F2B436054680
:10770000C2F20146707828B9FCF716FF401BB0F5AD
:10771000FA7FF7D970784FF00008002850D043F670
:1077200080300421C2F20140024661F35F124EF63E
:107730005C71BFF34F8FCEF20001202A08601DD983
:107740000322034662F35F1300F12002212B0A603B
:1077500014D30222034662F35F1300F14002212B8F
:107760000A600BD30122034662F35F1300F160024B
:10777000212B0A6002D300F180020A60BFF34F8F11
:10778000BFF36F8FB18804291CD300250321032385
:10779000002206E00132B78895B211FA82F3BB42AB
:1077A00012D2475DA742F5D105446F78FF2FF1D182
:1077B000AF78FF2FEED1C35CFF2BEBD1012404E0A7
:1077C000002402E0002400E0002441F6C815C2F2C3
:1077D00001452846FFF760F9284686F80180A6F89B
:1077E000048000F001FE2046BDE8F08100000000AA
:1077F0002DE9F0438BB0002600281CBF1546002A57
:1078000004D130460BB0BDE8F08300BF0746581ED8
:1078100080B200221C46B2EB902FF2D10DF10C0881
:1078200000912AA2202140463B46019406F014FC18
:10783000074601381C284FF00006E2D808EB070085
:1078400041F6C819C2F201494FF6FF7128F8071036
:10785000FF2181704846FFF71FF9D9F800008169C0
:1078600041F00801816141F2B430C2F2014046703A
:107870008680484600F0B8FDF81C642382B2484672
:107880004146FFF721FE0028BBD1FE20FFF730FF65
:1078900050B141F6C8104FF0FF33C2F20140294603
:1078A0002246FFF711FE28B1002630460BB0BDE896
:1078B000F08300BFFD20FFF71BFF0646002818BF1E
:1078C000012630460BB0BDE8F08300BF61646474EC
:1078D0002025732C25752C25750000000000000064
:1078E00003A20B46014610461A46FFF7D9BE00BF59
:1078F000636C652025732C256400000000000000E7
:10790000FEE7000000000000B0B541F200040121D4
:10791000C5F6020400222046FCF7FEFDA4F54065F2
:10792000082100222846FCF7F7FD102100222846F6
:10793000FCF7F2FD202100222846FCF7EDFDA4F51E
:107940008065802100222846FCF7E6FD10210022F8
:107950002046FCF7E1FD022101222046FCF7DCFD78
:107960000520FCF7C1FC022100222046FCF7D4FDD3
:10797000082100222046FCF7CFFD002006F0E4FAA3
:10798000002006F0E1FA402006F0DEFA002006F0C2
:10799000DBFA002006F0D8FA08212046FCF7B4FDF7
:1079A0000821012804D001222046FCF7B5FDF3E7A9
:1079B00000222046FCF7B0FD012006F0C5FA0120A8
:1079C00006F0C2FA002006F0BFFA002006F0BCFA6A
:1079D000002006F0B9FA082101222046FCF79CFDA0
:1079E000082100222046FCF797FD08212046FCF7DD
:1079F0008BFD0028F4D1022006F0A6FA052006F03F
:107A0000A3FA0F2006F0A0FA412006F09DFA3220DA
:107A100006F09AFA082101222046FCF77DFD082194
:107A20002046FCF771FD01280BD000BF0821012280
:107A30002046FCF771FD08212046FCF765FD012872
:107A4000F4D1202101222846FCF766FD20210022E6
:107A50002846FCF761FD0120BDE8B040FCF744BCBE
:107A600010B58AB041F2D43042F20001C2F20140B6
:107A70000024CDE90844CDE90644CDE90444CDE92C
:107A80000244CDE90044C4F202018482C0E900143A
:107A900008210477C0E902140421016101218161F8
:107AA0004FF4B46242624FF4806282620322446304
:107AB000C0E90B2480F83840C163FAF709F808B12F
:107AC000F9F732FC41F2D43007A9C2F20140079421
:107AD000F9F7B2FC08B1F9F727FC082040F2FF7172
:107AE000C0F6904000900620019000200290039183
:107AF0000421CDE904108DF8190041F2D430C2F20E
:107B000001406946F9F7F4FC08B1F9F70DFC0AB039
:107B100010BD00000000000070B588B041F2384090
:107B200042F20011C2F2014000240794C4F20201A3
:107B3000CDE90544CDE90344CDE90144C0E9001491
:107B400008210425C0E902140561012184824FF453
:107B5000B46281610326047742624FF480628262DC
:107B6000C0E90B64446380F83840C163F9F7B0FFA3
:107B700008B1F9F7D9FB40F2002001A9C2F2B050D8
:107B8000019006200694CDE9020640F2FF708DF8C0
:107B90001D40CDE9040541F23840C2F20140F9F739
:107BA000A7FC08B1F9F7C0FB08B070BD00000000E9
:107BB00010B58AB041F29C4047F20041C2F2014048
:107BC0000024CDE90844CDE90644C4F20001016077
:107BD000FAF756FB08B1F9F7A7FB162001A9CDE982
:107BE000020401200022CDE9040441F29C400194EA
:107BF000C2F20140FAF77CFA08B1F9F795FB0AB036
:107C000010BD00000000000080B582B044F2D840F2
:107C10000022C5F60200016841F001010160006820
:107C2000002100F00100019001980B20FCF768FD95
:107C30000B20FCF755FD0C2000210022FCF760FD15
:107C40000C20FCF74DFD0D2000210022FCF758FD13
:107C50000D20FCF745FD0E2000210022FCF750FD11
:107C60000E20FCF73DFD0F2000210022FCF748FD0F
:107C70000F2002B0BDE88040FCF732BD00000000DC
:107C80002DE9F04F87B044F2E0400026C5F602002F
:107C9000069641F2000400220168C5F6020441F094
:107CA00010010160016801F0100101910199016862
:107CB00041F004010160016801F0040101910199A2
:107CC000016841F080010160016801F080010191CB
:107CD0000199016841F001010160016801F00101B1
:107CE00001910199016841F002010160016801F010
:107CF000020101910199016841F0080101600068E9
:107D00003F2100F00800019001982046FCF704FC98
:107D1000A4F5006742F2C53100223846FCF7FCFBAF
:107D2000A4F5806A4FF6A20100225046FCF7F4FB4E
:107D3000A4F580594FF4194100224846FCF7ECFBAA
:107D4000A4F54068382100224046FCF7E5FB02AD6F
:107D50000420029003200590204629464FF0010B95
:107D6000CDE903B6FCF7D4FA3B202946CDE9020B56
:107D70002046CDE90466FCF7CBFA42F2C53029462D
:107D8000CDE9020B3846CDE90466FCF7C1FA4FF69F
:107D9000A2002946CDE9020B5046CDE90466FCF766
:107DA000B7FA4FF419402946CDE9020B4846CDE910
:107DB0000466FCF7ADFA38202946CDE9020B4046AF
:107DC000CDE90466FCF7A4FA07B0BDE8F08F000027
:107DD00010B584B041F6E80041F20001C2F2014062
:107DE00000240294C4F2000101600321C0E90114DF
:107DF0002721C16080218161FEF75EFC08B1F9F79F
:107E000093FA2020019041F6E80001A9C2F2014056
:107E10000394FEF7E9FB08B1F9F786FA04B010BD48
:107E200080B541F6341041F20001C2F20140C4F2C3
:107E300001010C2201604FF4612141600021C0E981
:107E400002110161C0E90521C0E90711C0E909116A
:107E5000FFF73AFA08B1F9F767FA41F63410002152
:107E6000C2F20140FEF7C8FD08B1F9F75DFA41F62C
:107E700034100021C2F20140FEF776FD08B1F9F797
:107E800053FA41F63410C2F20140FEF7D5FC002847
:107E900008BF80BDBDE88040F9F746BA0000000089
:107EA00080B541F6C81044F60001C2F20140C4F2A8
:107EB00000010C2201604FF4165141600021C0E91D
:107EC00002110161C0E90521C0E90711C0E90911EA
:107ED000FFF7FAF908B1F9F727FA41F6C8100021BF
:107EE000C2F20140FEF788FD08B1F9F71DFA41F62C
:107EF000C8100021C2F20140FEF736FD08B1F9F7C3
:107F000013FA41F6C810C2F20140FEF795FC0028B2
:107F100008BF80BDBDE88040F9F706BA0000000048
:107F2000FEE7000000000000FEE700000000000087
:107F3000704700000000000070B541F28C355528F4
:107F4000C2F20145697808BF002911D0042943D83D
:107F5000DFE801F00414202C340000BF5F283FD07C
:107F6000A0F1610119293BD90020A870287663E0AF
:107F70000120A5F801000020287670BDAA38B0FACB
:107F800080F04FEA50104FEA4000687054D1002052
:107F9000E87070BDE9784A1C2944D3B2EA70082B16
:107FA000087449D30320687070BD00BFFF38B0FA71
:107FB00080F040098000687070BD00BFFF280BD1C1
:107FC000A96828698842696902D1EA68914203D0A8
:107FD000C5E90201012028710020687070BD00BF52
:107FE000A9780E2928D805F118044A1CAA70002681
:107FF00060541BA1A65408222046F8F7B7F9E8B14F
:1080000019A109222046F8F7B1F9C8B119A108222F
:108010002046F8F7ABF9A8B118A10C222046F8F7D2
:10802000A5F9A8B118A10D222046F8F79FF900285C
:1080300018BF70BD04200CE070BD00BF2E7009E0B9
:10804000012000E0022028700020C5E9020001E0C4
:108050000320287000202871A870287670BD00BF0A
:1080600064656661756C740073696E6577617665C9
:1080700000000000636F6E74726F6C007374617245
:10808000745F6C6561726E0073746172745F6669AF
:108090006C74657200000000F0B581B044F22C47AA
:1080A000C5F6020757F8042C02F00302032A03D195
:1080B000012001B0F0BD00BF054657F82C0C0C465E
:1080C00020F0806047F82C0CFCF736FA064600BF1B
:1080D00057F82C0C000105D5FCF72EFA801B02285E
:1080E000F6D964E057F8040CEE6895E80E0020F429
:1080F0007C30012C40EA0130A2F101016FF35F21D5
:108100004FF47E4202EB432247F8040C92B24FF048
:10811000FE4302EB01004FF4FE012A6901EB064128
:1081200001F4FE0103EB0262084402F0FE41084440
:10813000F8603868696920F0C00040EA01003860E2
:108140003868A96920F0200040EA010038603868EA
:108150004FF6F87120F0100038603869EA6920EABB
:1081600001004FF4001140EAC2003861386808BFCE
:108170004FF4801140F01000002C386008BF4FF41D
:10818000002138680843386057F82C0C40F08060B4
:1081900047F82C0CFCF7D0F9044600BF57F82C0C1C
:1081A000000107D4FCF7C8F9001B0328F6D303200D
:1081B00001B0F0BD002001B0F0BD000000000000E3
:1081C000F0B581B044F22C47C5F6020757F8042CED
:1081D00002F00302032A03D1012001B0F0BD00BF69
:1081E000054657F82C0C0C4620F0805047F82C0C14
:1081F000FCF7A2F9064600BF57F82C0C800005D505
:10820000FCF79AF9801B0228F6D964E057F8040CB1
:10821000EE6895E80E0020F07C70012C40EA0150D9
:10822000A2F101016FF35F214FF47E4202EB432282
:1082300047F8040C92B24FF0FE4302EB01004FF4FA
:10824000FE012A6901EB064101F4FE0103EB026223
:10825000084402F0FE41084478613868696920F4F6
:10826000406040EA010038603868A96920F4007075
:1082700040EA0100386038684FF6F87120F48070E9
:108280003860B869EA6920EA01004FF0807140EA7D
:10829000C200B861386808BF4FF4000140F4807034
:1082A000002C386008BF4FF48001386808433860FC
:1082B00057F82C0C40F0805047F82C0CFCF73CF998
:1082C000044600BF57F82C0C800007D4FCF734F9A3
:1082D000001B0328F6D3032001B0F0BD002001B03D
:1082E000F0BD00000000000070470000000000002A
:1082F00010B541F2BA340020C2F201446081C4F8E2
:108300000600C4F80200FCF717F9208010BD000039
:10831000B0B541F2BA34C2F201442588FCF70CF939
:10832000401B218802040144218043D0618801441C
:10833000618080B200F04CFD60880A283AD381B297
:108340004CF6CD45CCF6CC45A388A1FB0512D1084F
:1083500003EBD202A28001EB8101A0EB410161801D
:1083600000F07EFAA0880A2824D381B2E388A1FB1A
:108370000512D10803EBD202E28001EB8101A0EBF0
:108380004100A08000F068FAE0880A2838BFB0BD3C
:1083900081B22389A1FB0512D10801EB8101A0EB79
:1083A0004100E08003EBD200208100F015FD208920
:1083B0003C2801D2B0BD00BF81B248F68902C8F6A0
:1083C00088026389A1FB021251090901A1EB521134
:1083D00003EB52126281A0EB81002081BDE8B04026
:1083E00000F0F2BC0000000080B544F60002016815
:1083F000C4F20002914213D041F20002C4F2010221
:10840000914218BF80BD43F600318022C2F2014183
:10841000FEF72EFA41F2A050C2F201400BE000BF7D
:1084200043F680318022C2F20141FEF721FA41F287
:108430001860C2F2014040F20F410068C4F202012C
:1084400088426FF0080111DC6F22C4F202029042F0
:1084500022DC3F22C4F20202904239DC1022C4F234
:10846000020290425CD0282254E000BF40F26F42EA
:10847000C4F2020290421BDC40F23F42C4F202020C
:1084800090422DDC40F21042C4F20202904247D0EA
:1084900040F228423EE000BF9F22C4F20202904216
:1084A00028DC7022C4F20202904239D0882231E0E6
:1084B00040F29F42C4F20202904223DC40F270423A
:1084C000C4F2020290422BD040F2884222E000BF68
:1084D0004022C4F20202904222D058221AE000BF89
:1084E00040F24042C4F20202904219D040F2584297
:1084F00010E000BFA022C4F20202904210D0B822C5
:1085000008E000BF40F2A042C4F20202904207D04D
:1085100040F2B842C4F20202904218BF6FF0040168
:1085200002681140016080BDFCF70EB80000000039
:10853000B0B59CB044F6180409A84C21C5F6020455
:10854000F7F702FF02200025CDE90755CDE90555D3
:10855000CDE90355CDE90155FCF712F900952068E6
:1085600040F440402060206800F44040009040F219
:108570002C40C5F60000016841F00101016000686F
:1085800000F0010000900098206880045FBF206820
:108590005FEA804020685FEA804002D4206880045F
:1085A000F2D5012009904FF480300A900220052175
:1085B000CDE912001491C021CDE91510CDE91700C5
:1085C00009A8082419940025CDE91A55FDF744FDA2
:1085D00010B172B6FEE700BF3F20019003204FF4B8
:1085E0008061CDE9020540200494CDE90500CDE984
:1085F000071001A80421FDF7E7FA18B172B600BF11
:10860000FEE700BF1CB0B0BD4EF6885042F2000C31
:10861000CEF20000C5F2002C016841F47001016047
:10862000DCF8000000F00F00062806D8DCF8000097
:10863000072161F30300CCF8000044F200404EF63D
:108640007F52C5F60200CEF6F622016841F0010124
:1086500001600021016103681A400260DCF800201B
:10866000120706D5DCF80020072363F30302CCF8D9
:10867000002040F200228161C161C0F20222016249
:1086800082620022C0F2FF12C26240F28022C0F277
:108690000112026341638263C16302644164026840
:1086A00022F48022026041F200020166C5F6004217
:1086B0001268B1EB527F05D148F208110122C5F2D0
:1086C00000110A60D0F8D410C90448BF7047D0F830
:1086D000D41043F2D20241F48051C0F8D41044F2D5
:1086E0000001C5F200210A60D0F8D41021F48051B5
:1086F000C0F8D4107047000010B540F6FF32C4F245
:108700000002904202680FDCB0F1804F1DD040F2B1
:108710000043C4F20003984217D040F60003C4F2AD
:108720000003984211D014E040F60043C4F2000365
:1087300098420AD040F20043C4F20103984204D0A8
:108740000023C4F20103984203D122F070024B6867
:108750001A434FF6FF7343F6FF7CC4F20003C4F2E2
:10876000010C984214DD604522DD44F20003C4F29E
:108770000103984234D044F60003C4F20103984246
:108780002ED044F20043C4F20103984228D02BE0DB
:1087900040F2FF73C4F20003984215DCB0F1804F41
:1087A0001ED040F20043C4F20003984218D01BE0F0
:1087B0000023C4F20103984212D040F20043C4F2F5
:1087C000010398420CD00FE040F60003C4F200030E
:1087D000984205D040F60043C4F20003984203D10A
:1087E00022F44072CB681A43D1F814E060450B685C
:1087F0008C68C462836213DD44F20003C4F2010397
:10880000984218D044F60003C4F20103984212D0F3
:1088100044F20043C4F2010398420CD00DE000BFC3
:108820000023C4F20103984205D040F20043C4F291
:108830000103984201D109690163016841F0040113
:1088400001600121416122F0800141EA0E010160D5
:1088500010BD000000000000704700000000000094
:108860002DE9F04381B02DED048B41F65C2841F2F7
:108870008C39C2F20148C2F2014998F8000099F817
:108880000050A84200F0E780042827D102F044F805
:1088900041F2D43040F20001C2F20140C2F2004184
:1088A0004FF40062F9F734FB41F2384041F2000125
:1088B000C2F20140C2F200414FF40062F9F728FB16
:1088C00041F6E8000022C2F2014001684A626FF0FE
:1088D00001020A61FDF73CFF99F80050281F40F69D
:1088E0000004B0FA80F0C5F60204420904212046D3
:1088F000FBF712FE042D1DD0032D40F0A88002F0DE
:1089000057FD02F0EDFC054602F0F2FC297D00293E
:108910006CD095EC050A044602F0BAF9206802F022
:108920001BFD01464FF6A540C0F6000000F0BCFA62
:1089300062E000BF02F0D4FC007D0FF2E8310FF2DC
:10894000EC35002808BF0D4602F0F6FC0FF2E431CA
:108950000FF2E83200280FF2EC3008BF0A46294631
:1089600000F082FA01F004FE002870D041F2384590
:108970000646C2F201452846F9F7A6F8074641F235
:108980009C40C2F20140F9F777FC03460FF2E83051
:1089900031463A4600F068FA41F2D43040F2000124
:1089A000C2F20140C2F200414FF40062F9F7B0FA9E
:1089B00041F200014FF40062C2F200412846F9F78B
:1089C000A7FA41F6E8000025C2F201406FF001026B
:1089D00001684D620A61FDF7BBFE042100222046BA
:1089E00089F80050FBF798FD31E000BF4FF66C406E
:1089F000C0F6000000F058FAEDA000F055FA01F0C2
:108A0000AFFF41F2D43040F20001C2F20140C2F2A5
:108A100000414FF40062F9F77BFA41F2384041F22D
:108A20000001C2F20140C2F200414FF40062F9F7C6
:108A30006FFA41F6E8000024C2F201406FF0010233
:108A400001684C620A61FDF783FE89F8004099F8DD
:108A5000000088F80000022808D0012852D0002821
:108A600040F094800020F7F77BFF8FE041F29030D8
:108A7000C2F201400178002900F0888041F298316B
:108A80004CF6CD42C2F2014141F29435CCF6CC42D3
:108A9000C2F201450968A1FB021200210170286899
:108AA0000121D40801F0A0FA00EE100A2046B8EE29
:108AB000408AF8F779F920EE080A09EE104A9FED8E
:108AC000BF1A80FE418AB8EE490BF7F755FFBCEE9E
:108AD000C80A10EE100AF7F743FF95ED000A9FED64
:108AE000B81AB8EE400A4FF69440C0F6000020EEE7
:108AF000010AB7EEC00A53EC102B00F0D5F9B8EE1E
:108B0000490A39E041F29030C2F201400178E9B3FC
:108B100041F294350021C2F201450170012128681B
:108B200001F062FA41F298314CF6CD42C2F20141B5
:108B3000CCF6CC4204460968A1FB0212D10808EE2B
:108B4000101AB8EE480BF7F717FF2046F7F708FFA3
:108B500095ED000A9FED9A1AB8EE400A4FF6944040
:108B6000C0F6000020EE010AB7EEC00A53EC102B4D
:108B700000F09AF9B8EE480AB7EEC00A4FF6824004
:108B8000C0F6000053EC102B00F08EF941F2B43027
:108B90004EF65C74C2F20140CEF200040178002966
:108BA0004FD043F600310422C2F201410B46BFF31D
:108BB0004F8F62F35F132160202B36DD03220B46BB
:108BC00062F35F1301F12002212B22602DDB0222D0
:108BD0000B4662F35F1301F14002212B226024DB7C
:108BE00001220B4662F35F1301F16002212B226028
:108BF0001BDB01F01F02212A01F18002226014DB3D
:108C000061F01F02212A01F1A00222600DDB4FF664
:108C1000FE720B46C0F2FF7262F35F1301F1C002F5
:108C2000212B226001DBE0312160BFF34F8FBFF3C6
:108C30006F8F0021017041F63410C2F20140FFF73E
:108C4000D3FB41F2B535C2F201452878002863D044
:108C500043F680360420C2F201463146BFF34F8FFF
:108C600060F35F112660202937DD0320314660F371
:108C70005F1106F12000212920602EDB0220314601
:108C800060F35F1106F140002129206025DB0120FF
:108C9000314660F35F1106F16000212920601CDB82
:108CA00006F01F00212806F18000206015DB66F029
:108CB0001F00212806F1A00020600EDB4FF6FE7099
:108CC0003146C0F2FF7060F35F1106F1C000212948
:108CD000206002DB06F1E000206041F2B834BFF30F
:108CE0004F8FC2F20144BFF36F8F208838B1002745
:108CF000F05DFFF721F9208801378742F8D341F66C
:108D0000C8100021C2F201402970BDEC048B01B0F3
:108D1000BDE8F043FFF768BBBDEC048B01B0BDE8D4
:108D2000F08300BF494E56414C49440056414C49DE
:108D30004400000044454641554C54004C454152C6
:108D40004E45440046494C5445525F535441525499
:108D50003A204144433D504230204441433D50413C
:108D60003420434F4546463D257320534F555243CB
:108D7000453D25730D0A000046494C5445525F4657
:108D800041494C3A2073746167653D257520414423
:108D9000435F4552523D30782530386C582044416D
:108DA000435F4552523D30782530386C580D0A00EB
:108DB000746D302E656E3D30FFFFFF000000804671
:108DC000CDCCCC3D0000000070470000000000004A
:108DD0007047000000000000704700000000000025
:108DE000F0B581B040F600440821C5F60204002227
:108DF00004F580652846FBF78FFB0E2005F0A4F8EC
:108E000041F2D826C2F20146307805F09DF870781C
:108E100005F09AF841F2C637C2F20147387805F0FA
:108E200093F8787805F090F8B07805F08DF8F07840
:108E300005F08AF8307905F087F8707905F084F844
:108E4000082101222846FBF767FB2021012220464A
:108E5000FBF762FB20210022204601B0BDE8F04074
:108E6000FBF75ABB0000000083B010B5A1B001AC05
:108E7000CDE92312014623AA20462593009205F04E
:108E80001FF92046F7F76BFA82B241F63410C2F2AE
:108E900001404FF0FF332146FEF716FB21B0BDE83D
:108EA000104003B07047000083B010B5A1B001AC12
:108EB000CDE92312014623AA20462593009205F00E
:108EC000FFF82046F7F74BFA82B241F6C810C2F21B
:108ED00001404FF0FF332146FEF7F6FA21B0BDE81E
:108EE000104003B070470000816A0A070CD4CA071B
:108EF00015D18A071ED44A0727D4CA0630D48A0659
:108F000039D44A0655D541E00268D0F838C05368D4
:108F100023F4004343EA0C035360CA07E9D0026814
:108F2000D0F82CC0536823F4003343EA0C03536099
:108F30008A07E0D50268D0F830C0536823F4803344
:108F400043EA0C0353604A07D7D50268D0F834C00F
:108F5000536823F4802343EA0C035360CA06CED53A
:108F60000268D0F83CC0936823F4805343EA0C03B2
:108F700093608A06C5D50268D0F840C0936823F490
:108F8000005343EA0C0393604A0612D50268D0F8F6
:108F900044C0BCF5801F536823F4801343EA0C03DC
:108FA000536006D1536823F4C00C836C43EA0C036E
:108FB0005360090658BF70470168C06C4A6822F4C4
:108FC0000022104348607047B0B582B004460020CC
:108FD000C4F89000FBF7B0FA216805460A6812074A
:108FE00037D54FF4001100226FF07E4000902046EC
:108FF0002B4600F039FE58B3206850E8000F216876
:1090000020F0800041E80002002A1FBF206850E8DD
:10901000000F216820F080001CBF41E80002002AF8
:1090200012D0206850E8000F216820F0800041E84D
:1090300000024AB1206850E8000F216820F080004B
:1090400041E80002002AD7D12020C4F8880063E05C
:1090500021680868400765D54FF4800100226FF051
:109060007E40009020462B4600F0FEFD002859D09F
:10907000206850E8000F216820F4907041E8000259
:10908000002A1FBF206850E8000F216820F490706C
:109090001CBF41E80002002A26D0206850E8000FDB
:1090A000216820F4907041E80002EAB1206850E89D
:1090B000000F216820F4907041E80002002AD7D107
:1090C00012E000BF206850E8020F216820F0010084
:1090D00041E80202EAB1206850E8020F216820F05E
:1090E000010041E80202A2B1206850E8020F2168A5
:1090F00020F0010041E80202002A1FBF206850E86A
:10910000020F216820F001001CBF41E80202002A82
:10911000D8D12020C4F88C000320002184F88410CA
:1091200002B0B0BD2020C4F88800C4F88C00002034
:10913000E0662067002184F8841002B0B0BD000012
:10914000806BFDF775BD0000806B0268D0F8881059
:10915000D0F88CC0212993685FD113F080035CD0D4
:1091600052E8002F036822F0C00243E80021D9B37F
:10917000016851E8001F026821F0C00142E80013B5
:10918000002B1FBF016851E8001F026821F0C001D9
:109190001CBF42E80013002B26D0016851E8001FD5
:1091A000026821F0C00142E80013EBB1016851E808
:1091B000001F026821F0C00142E80013002BD7D144
:1091C00012E000BF016851E8021F026821F40001AB
:1091D00042E80213EBB1016851E8021F026821F472
:1091E000000142E80213A3B1016851E8021F0268BE
:1091F00021F4000142E80213002B1FBF016851E86F
:10920000021F026821F400011CBF42E80213002B78
:10921000D8D12021C0F888100268BCF1220F9168D3
:1092200040F08C8011F0400100F0888052E8001F6F
:10923000026821F4907142E800130BB3016851E811
:10924000001F026821F4907142E80013002B1FBF39
:10925000016851E8001F026821F490711CBF42E8C8
:109260000013002B0CD0016851E8001F026821F4A4
:10927000907142E800131BB1016851E8001FD7E765
:109280004FF6FE7CCEF6FF7C026852E8022F0368A0
:1092900002EA0C0243E8022100291FBF016851E8DD
:1092A000021F026801EA0C011CBF42E80213002BF6
:1092B00012D0016851E8021F026801EA0C0142E87D
:1092C00002134BB1016851E8021F026801EA0C0168
:1092D00042E80213002BD7D1C16E012928D100BF6B
:1092E000016851E8001F026821F0100142E80013F4
:1092F000002B1FBF016851E8001F026821F0100118
:109300001CBF42E80013002B12D0016851E8001F77
:10931000026821F0100142E800134BB1016851E8E6
:10932000001F026821F0100142E80013002BD7D182
:109330002021C0F88C100021C1664167D0F8901040
:1093400041F01001C0F89010FDF772BC0000000061
:109350008446C069B0F5807FDCF8380000F0AC804E
:109360000022A0F85E2000BF026852E8002F0368C8
:1093700022F4807243E8002100291FBF016851E8F0
:10938000001F026821F480711CBF42E80013002B0B
:1093900012D0016851E8001F026821F4807142E890
:1093A00000134BB1016851E8001F026821F480717D
:1093B00042E80013002BD7D1016851E8021F026870
:1093C00021F0010142E80213002B1FBF016851E8A0
:1093D000021F026821F001011CBF42E80213002BAA
:1093E00026D0016851E8021F026821F0010142E81D
:1093F0000213EBB1016851E8021F026821F001017C
:1094000042E80213002BD7D112E000BF016851E8F7
:10941000021F026821F0400142E80213EBB101682B
:1094200051E8021F026821F0400142E80213A3B193
:10943000016851E8021F026821F0400142E802136E
:10944000002B1FBF016851E8021F026821F0400194
:109450001CBF42E80213002BD8D12021C0F88C1089
:10946000C16E012928D100BF016851E8001F0268C0
:1094700021F0100142E80013002B1FBF016851E8E2
:10948000001F026821F010011CBF42E80013002BEE
:1094900012D0016851E8001F026821F0100142E873
:1094A00000134BB1016851E8001F026821F0100160
:1094B00042E80013002BD7D100220267C16E0129B8
:1094C00012D1A0F85E20DCF800104A68B0F85C10F9
:1094D00093B28B4238BFA0F85E20B0F85E20891AA4
:1094E00089B2FDF719BA00BFFDF7E6BF0000000022
:1094F0000146806B01220267C26E012A12D1B0F8C8
:109500005C205308A0F85E30096849688BB293422A
:1095100098BFA0F85E10B0F85E10511A89B2FDF73E
:10952000FBB900BFFDF7CCBF70B584B0044600683E
:1095300004F1080340F6004EE669C5F6000E0ECBB6
:10954000194363690B4346F6F3110568CCF6FF71C6
:10955000334329401943016041684FF2FF4321F42E
:109560004051704541EA02014160A269C1F2FF1316
:109570001CBF216A0A43816844F2544C1940C5F665
:10958000020C1143816047F2FF72C16AC4F200020B
:1095900021F00F01656A90424FF0800341EA050116
:1095A000C16227DD40F6FF71C4F20101884245DD4A
:1095B000704500F07F8041F20041C4F20101884211
:1095C00000F0888041F20001C4F20101884240F0BD
:1095D000E280DCF80010C1F3C202052A00F2C2806A
:1095E0000123DFE812F0D800B700C700CF00D70092
:1095F0007F0100BF44F6FF31C4F2000188423BDC2A
:1096000044F20041C4F20001884200F0738044F645
:109610000001C4F20001884240F0BD80DCF8001077
:1096200001F00702052A00F29D800023DFE812F016
:10963000B3009200A200AA00B2005A0147F600014E
:10964000C4F20001884200F0658047F60041C4F290
:109650000001884240F09F80DCF8001001F0070212
:10966000052A00F27F800023DFE812F095007400E5
:1096700084008C0094003C0144F60041C4F20001D7
:10968000884200F0578045F20001C4F20001884290
:1096900040F08180DCF8001001F00702052A00F29A
:1096A00061800023DFE812F07700560066006E004C
:1096B00076001E01DCF8041001F00702052A00F212
:1096C00051800223DFE812F06700460056005E007A
:1096D00066000E01DCF80010C1F3C202052A41D871
:1096E0000123DFE812F05800370047004F00570011
:1096F000FF0000BFDCF8001001F00702052A31D896
:109700000023DFE812F04800270037003F00470041
:10971000EF0000BFDCF8001001F00702052A21D895
:109720000023DFE812F03800170027002F00370071
:10973000DF0000BFDCF8001001F00702052A11D895
:109740000023DFE812F02800070017001F002700A1
:10975000CF0000BF0423704540F60010C0F23D006A
:1097600020D1C7E08023704540F60010C0F23D00D4
:1097700018D1BFE00823704540F60010C0F23D004C
:1097800010D1B7E01023704540F60010C0F23D0044
:1097900008D1AFE02023704540F60010C0F23D0034
:1097A00000F0A880B6F5004F40F04E80402B4FF0FF
:1097B000010100F29E81DFE813F0410017019C01D6
:1097C0009C011D019C019C019C0125019C019C01A7
:1097D0009C019C019C019C019C012D019C019C0110
:1097E0009C019C019C019C019C019C019C019C0191
:1097F0009C019C019C019C019C013D019C019C01E0
:109800009C019C019C019C019C019C019C019C0170
:109810009C019C019C019C019C019C019C019C0160
:109820009C019C019C019C019C019C019C019C0150
:109830009C019C019C019C019C013B01FCF720FBCD
:10984000002840F0D480E3E0402B4FF0010100F20B
:109850005081DFE813F041000F014E014E01150168
:109860004E014E014E011D014E014E014E014E01B1
:109870004E014E014E0125014E014E014E014E0199
:109880004E014E014E014E014E014E014E014E0160
:109890004E014E014E0135014E014E014E014E0169
:1098A0004E014E014E014E014E014E014E014E0140
:1098B0004E014E014E014E014E014E014E014E0130
:1098C0004E014E014E014E014E014E014E014E0120
:1098D0004E014E014E013301FCF7D2FA002840F050
:1098E000CC80DBE04023704540F60010C0F23D0024
:1098F0007FF458AF9A1E01211E2A27D8DFE812F004
:109900002000F9002C00F900F900F9003400F900FA
:10991000F900F900F900F900F900F9003C00F9003C
:10992000F900F900F900F900F900F900F900F9006F
:10993000F900F900F900F900F900F900490000BF49
:10994000FAF746FFB0B1656A23E000BF402B40F054
:10995000D0804FF400401CE001A8FAF7E5FF029820
:109960000028F0D106E000BF01A8FBF775F80298C7
:109970000028E8D10021BCE05CF8540C800649F2D4
:109980000000C0F2D03004D55CF8541CC1F3C10112
:10999000C8404FF6CC316268C0F6000131F81510AE
:1099A000B0FBF1F002EB420188424FF00101C0F040
:1099B000A0801303984200F29C80010E0023000255
:1099C00010EB520041F10001F6F786FC4FF6FF4222
:1099D000A0F54071C0F20F02914203D82168C8601F
:1099E000002186E0012184E0FCF77AFA80B1656A03
:1099F00020E000BF01A8FAF797FF02980028F6D1EF
:109A000006E000BF01A8FBF727F802980028EED176
:109A100000216EE05CF8540C800649F20000C0F2B0
:109A2000D03007D55CF8541CC1F3C101C84001E037
:109A30004FF400404FF6CC31C0F6000131F815105C
:109A4000B0FBF1F061684A0802EB40004FF6EF729C
:109A5000B0FBF1F0A0F11001914209D84FF6F0717E
:109A600022680140C0F342000844D060002140E079
:109A700001213EE0FCF734FA80B1656A20E000BFC6
:109A800001A8FAF751FF02980028F6D106E000BFBE
:109A900001A8FAF7E1FF02980028EED1002128E0A2
:109AA0005CF8540C800649F20000C0F2D03007D5B3
:109AB0005CF8541CC1F3C101C84001E04FF4004000
:109AC0004FF6CC316268C0F6000131F81510B0FBDA
:109AD000F1F000EB5200B0FBF2F0A0F110014FF6F4
:109AE000EF72914204D82168C860002101E000BFF4
:109AF00001214FF00110A0660020C4E91D000846B6
:109B000004B070BD0000000010B504468C468165AD
:109B10000021A0F85C20C0F890102220C4F88C002E
:109B2000D4F8800000B3134649F2513249F2F14EA5
:109B3000C0F60002C0F6000E0165C0E90F2E49F222
:109B40004912C0F60002C264226802F12401624692
:109B5000FAF7F6F940B11020C4F890002020C4F8BC
:109B60008C00012010BD00BF206938B3206850E888
:109B7000000F216840F4807041E80002002A1FBFF6
:109B8000206850E8000F216840F480701CBF41E855
:109B90000002002A12D0206850E8000F216840F42B
:109BA000807041E800024AB1206850E8000F216847
:109BB00040F4807041E80002002AD7D1206850E8C4
:109BC000020F216840F0010041E80202002A1FBF95
:109BD000206850E8020F216840F001001CBF41E8F6
:109BE0000202002A1DD0206850E8020F216840F0D0
:109BF000010041E80202A2B1206850E8020F21688A
:109C000040F0010041E80202002AD7D109E000BF7C
:109C1000206850E8020F216840F0400041E802024D
:109C2000EAB1206850E8020F216840F0400041E8A6
:109C30000202A2B1206850E8020F216840F0400003
:109C400041E80202002A1FBF206850E8020F216885
:109C500040F040001CBF41E80202002AD8D1002099
:109C600010BD0000000000002DE9F04180460068B2
:109C70000D46C7693940491BB1FA81F14909914242
:109C800025D1069C34B31646611C29D1C1692940EF
:109C9000491BB1FA81F14909B14218D1C169294082
:109CA000491BB1FA81F14909B14201BFC16929409B
:109CB000491BB1FA81F104BF4909B14207D1C16919
:109CC0002940491BB1FA81F14909B142DED0002097
:109CD000BDE8F081FAF730FC0320BDE8F08100BF59
:109CE0001F4607E0C0692840401BB0FA80F04009D9
:109CF000B042ECD1FAF720FCC01BA04244D8D8F8FF
:109D0000000001684907EDD5402D18BF802DE9D02E
:109D1000C16909073CD4C1690905E3D54FF4006165
:109D2000016250E8000FD8F8001020F4907041E86C
:109D30000002002A62D0D8F8000050E8000FD8F8DE
:109D4000001020F4907041E80002002A1FBFD8F8EC
:109D5000000050E8000FD8F8001020F490701CBFED
:109D600041E80002002A49D0D8F8000050E8000F6E
:109D7000D8F8001020F4907041E80002002A3DD08D
:109D8000D8F80000CDE700BF0320BDE8F08100BF98
:109D90000821016250E8000FD8F8001020F49070FC
:109DA00041E80002002A00F09D80D8F8000050E849
:109DB000000FD8F8001020F4907041E80002002A4B
:109DC0001FBFD8F8000050E8000FD8F8001020F4AA
:109DD00090701CBF41E80002002A00F08380D8F890
:109DE000000050E8000FD8F8001020F4907041E80F
:109DF0000002002A76D0D8F80000CBE74FF6FE70BC
:109E0000CEF6FF70D8F8001051E8021FD8F80020F5
:109E1000014042E80213002B1FBFD8F8001051E8A0
:109E2000021FD8F8002001401CBF42E80213002B9B
:109E300014D0D8F8001051E8021FD8F800200140D3
:109E400042E8021353B1D8F8001051E8021FD8F8C5
:109E50000020014042E80213002BD3D1D8F86C0057
:109E600001282FD1D8F8000050E8000FD8F80010D2
:109E700020F0100041E80002002A1FBFD8F80000BF
:109E800050E8000FD8F8001020F010001CBF41E887
:109E90000002002A16D0D8F8000050E8000FD8F8C9
:109EA000001020F0100041E800025AB1D8F800007C
:109EB00050E8000FD8F8001020F0100041E8000230
:109EC000002ACFD12020C8F88C000021C8F86C10DF
:109ED000C8F87410C8F89000032088F88410BDE812
:109EE000F08100BF4FF6FE70CEF6FF70D8F800107C
:109EF00051E8021FD8F80020014042E80213002B6D
:109F00001FBFD8F8001051E8021FD8F80020014008
:109F10001CBF42E80213002B14D0D8F8001051E8FF
:109F2000021FD8F80020014042E8021353B1D8F8CC
:109F3000001051E8021FD8F80020014042E8021347
:109F4000002BD3D1D8F86C0001282FD1D8F800000D
:109F500050E8000FD8F8001020F0100041E800028F
:109F6000002A1FBFD8F8000050E8000FD8F80010F2
:109F700020F010001CBF41E80002002A16D0D8F8DB
:109F8000000050E8000FD8F8001020F0100041E861
:109F900000025AB1D8F8000050E8000FD8F80010BD
:109FA00020F0100041E80002002ACFD12020C8F89C
:109FB0008C000020C8F86C00C8F874000821C8F8AC
:109FC000901088F884000120BDE8F08100000000B6
:109FD00041F6C810C2F20140FCF72EBE000000009E
:109FE000FEE700000000000000EE100A9FED0E1AD0
:109FF000B8EEC00A20EE010A9FED0C1A20EE010A0D
:10A0000001EE101AB8EE411A20EE010A9FED081A6F
:10A0100080FE010A9FED071A80FE410ABCEEC00ACD
:10A0200010EE100A704700BFCDCCCC3D00300E457D
:10A03000000000000000804641F28831C2F2014178
:10A040000A7832B142F200120068C4F20202904271
:10A0500002D00020704700BF4878800701D501205A
:10A060008870487840F00200487001207047000076
:10A0700041F28831C2F201410A7832B142F2001253
:10A080000068C4F20202904202D00020704700BF74
:10A090004878C00701D001208870487840F001005E
:10A0A00048700120704700002DE9F04F81B041F267
:10A0B0008830C2F201400178002900F0568272B661
:10A0C000002190F8019041704EF65C7A4FF6B85836
:10A0D00062B65FEAC970CEF2000ACFF6FF7800F0F0
:10A0E0000C815AF80800C00347D540F68020C2F220
:10A0F0000140BFF34F8FCAF8000000F12001CAF8F9
:10A10000001000F14001CAF8001000F16001CAF827
:10A11000001000F18001CAF8001000F1A001CAF897
:10A12000001000F1C001CAF8001000F1E001CAF807
:10A13000001000F58071CAF8001000F59071CAF89F
:10A14000001000F5A071CAF8001000F5B071CAF84F
:10A15000001000F5C071CAF8001000F5D071CAF8FF
:10A16000001000F5E071CAF8001000F5F070CAF8B0
:10A170000000BFF34F8FBFF36F8F00F099FD40F6E3
:10A18000806BC2F2014B78B140F6802040F68061CE
:10A19000C2F20140C2F20141002200234FF4807557
:10A1A000009500F08DFD60E040F680210020C2F2B5
:10A1B000014140F6FF7200BF0B180E5A0BEB000571
:10A1C00096425C8828BF164694429F882BF8006010
:10A1D00000F1200028BF14469742DE886C8028BF1B
:10A1E000174696421C89AF8028BF164694425F8965
:10A1F000EE8028BF144697429E892C8128BF1746BF
:10A200009642DC896F8128BF164694421F8AAE8130
:10A2100028BF144697425E8AEC8128BF17469642B3
:10A220009C8A2F8228BF16469442DF8A6E8228BFFE
:10A23000144697421E8BAC8228BF174696425C8B11
:10A24000EF8228BF164694429F8B2E8328BF144668
:10A2500097426C8328BF1746DB8BAF83934228BF9E
:10A260001346B0F5007FEB83A6D15AF80800C0036F
:10A2700043D5BFF34F8FCAF80CB00BF12000CAF8DA
:10A280000C000BF14000CAF80C000BF16000CAF89A
:10A290000C000BF18000CAF80C000BF1A000CAF80A
:10A2A0000C000BF1C000CAF80C000BF1E000CAF87A
:10A2B0000C000BF58070CAF80C000BF59070CAF812
:10A2C0000C000BF5A070CAF80C000BF5B070CAF8C2
:10A2D0000C000BF5C070CAF80C000BF5D070CAF872
:10A2E0000C000BF5E070CAF80C000BF5F070CAF822
:10A2F0000C00BFF34F8FBFF36F8F5FEA897040F19F
:10A3000034815AF80800C00349D540F68020C2F2D3
:10A310000140BFF34F8F00F50071CAF8001000F53F
:10A320000871CAF8001000F51071CAF8001000F5A5
:10A330001871CAF8001000F52071CAF8001000F575
:10A340002871CAF8001000F53071CAF8001000F545
:10A350003871CAF8001000F54071CAF8001000F515
:10A360004871CAF8001000F55071CAF8001000F5E5
:10A370005871CAF8001000F56071CAF8001000F5B5
:10A380006871CAF8001000F57071CAF8001000F585
:10A390007870CAF80000BFF34F8FBFF36F8F00F0E3
:10A3A00087FC88B140F6802040F68061C2F201400F
:10A3B000C2F201414FF480724FF480734FF4807702
:10A3C000009700F07DFC82E040F6802C40F6806330
:10A3D0000020C2F2014C40F6FF72C2F2014300BFFE
:10A3E0000CEB00071E182030B7F80052B7F80242F5
:10A3F000954228BF15469442B7F80412A6F80052B9
:10A4000028BF14469142B7F80652A6F8024228BF68
:10A4100011469542B7F80842A6F8041228BF15461F
:10A420009442B7F80A12A6F8065228BF1446914281
:10A43000B7F80C52A6F8084228BF11469542B7F863
:10A440000E42A6F80A1228BF15469442B7F8101219
:10A45000A6F80C5228BF14469142B7F81252A6F83B
:10A460000E4228BF11469542B7F81442A6F81012C2
:10A4700028BF15469442B7F81612A6F8125228BF04
:10A4800014469142B7F81852A6F8144228BF114654
:10A490009542B7F81A42A6F8161228BF15469442FC
:10A4A000B7F81C12A6F8185228BF14469142A6F815
:10A4B0001A4228BF1146B7F81E72A6F81C1297421E
:10A4C00028BF1746B0F5007FA6F81E7288D15AF84B
:10A4D0000800C00349D540F68060C2F20140BFF3D6
:10A4E0004F8F00F50071CAF80C1000F50871CAF81A
:10A4F0000C1000F51071CAF80C1000F51871CAF8AC
:10A500000C1000F52071CAF80C1000F52871CAF87B
:10A510000C1000F53071CAF80C1000F53871CAF84B
:10A520000C1000F54071CAF80C1000F54871CAF81B
:10A530000C1000F55071CAF80C1000F55871CAF8EB
:10A540000C1000F56071CAF80C1000F56871CAF8BB
:10A550000C1000F57071CAF80C1000F57870CAF88C
:10A560000C00BFF34F8FBFF36F8F01B0BDE8F08FCA
:10A570002DE9F0438BB041F6E808C2F201484046AD
:10A58000FCF73EF941F2D430C2F20140F7F754FD36
:10A5900041F23845C2F201452846F7F74DFD41F238
:10A5A0009C460021C2F2014600243046F7F774FFB2
:10A5B00041F2883902AFC2F201492421384689F8B4
:10A5C0000040F5F7C1FE16200022CDE9030401206A
:10A5D0003946CDE905043046F7F78AFD20B102205F
:10A5E0000BB0BDE8F08300BF41F22857C2F201472B
:10A5F0003846F8F779FB0028F1D14FF40050B861E4
:10A600004FF48070F8614FF44030386238464FF4B0
:10A6100000647C61F9F750F90028E0D1B7604FF48D
:10A620008061BE6340F68026C2F201463046F5F7EF
:10A630008BFE40F680600021C2F201404FF00822FC
:10A64000431842504031B1F5806F9C83C3E9012229
:10A65000C3E90322C3E90522C3F81E20C3F8222060
:10A66000C3F82620C3F82A20C3F82E20C3F83220CE
:10A67000C3F83620C3F83A20DC87E1D14EF6687182
:10A680004FF6AC52CEF20001CFF6FF728A58D203D9
:10A6900040F1C880BFF34F8F8E6006F120028A60C0
:10A6A00006F140028A6006F160028A6006F18002CB
:10A6B0008A6006F1A0028A6006F1C0028A6006F193
:10A6C000E0028A6006F580728A6006F590728A6000
:10A6D00006F5A0728A6006F5B0728A6006F5C0724F
:10A6E0008A6006F5D0728A6006F5E0728A6006F527
:10A6F000F0728A6006F500728A6006F508728A6058
:10A7000006F510728A6006F518728A6006F52072E6
:10A710008A6006F528728A6006F530728A6006F54E
:10A7200038728A6006F540728A6006F548728A605F
:10A7300006F550728A6006F558728A6006F56072F6
:10A740008A6006F568728A6006F570728A6006F59E
:10A7500078728A6000F12002BFF34F8FBFF36F8FD2
:10A76000BFF34F8F08600A6000F140020A6000F1F9
:10A7700060020A6000F180020A6000F1A0020A6033
:10A7800000F1C0020A6000F1E0020A6000F5807288
:10A790000A6000F590720A6000F5A0720A6000F588
:10A7A000B0720A6000F5C0720A6000F5D0720A60EB
:10A7B00000F5E0720A6000F5F0720A6000F50072C0
:10A7C0000A6000F508720A6000F510720A6000F570
:10A7D00018720A6000F520720A6000F528720A609B
:10A7E00000F530720A6000F538720A6000F54072B8
:10A7F0000A6000F548720A6000F550720A6000F5C0
:10A8000058720A6000F560720A6000F568720A60AA
:10A8100000F570720A6000F578700860BFF34F8F22
:10A82000BFF36F8F002089F8010089F8020000F063
:10A8300057FD017D19B190EC050A00F029FA0320BB
:10A84000E86228684FF4805129630022C1684FF400
:10A85000006341F00301C160C16841F48051C160EF
:10A8600041F29C400021C2F20140F7F775FD00283B
:10A870007FF4B5AE41F2384040F68021C2F201408B
:10A88000C2F201414FF40072F7F742FB20B1012000
:10A890000BB0BDE8F08300BF41F29C4040F68062FF
:10A8A000C2F20140C2F2014200214FF400730024C1
:10A8B0000094F7F76DFD48B141F23840C2F2014013
:10A8C000F7F7BAFB02200BB0BDE8F083D8F8000020
:10A8D0006FF00101446201614046FBF739FF88B126
:10A8E00041F23840C2F20140F7F7A6FB41F29C402A
:10A8F0000021C2F20140F7F7CFFD03200BB0BDE805
:10A90000F08300BF012089F8000000200BB0BDE8F3
:10A91000F083000000000000B0B541F2883441F639
:10A92000E800C2F20144C2F2014000252570FBF7A5
:10A9300067FF41F2D430C2F20140F7F77DFB41F2EC
:10A940003840C2F20140F7F777FB41F29C4000210A
:10A95000C2F20140F7F7A0FD6570B0BD0000000035
:10A960002DE9F04381B02DED108B00F0DDFC0028C7
:10A9700000F07881804600259FEDBD9A03E000BF7E
:10A980000135A84516D0284600F0BAFC0028F7D0BB
:10A9900090ED010A10EE100AB4EE490A00F0FF40F3
:10A9A000B0F1FF4F09FE001AF1EE10FA31FE099ADC
:10A9B000E6E700BFB7EE008AB5EE409AF1EE10FA76
:10A9C00039FE089AB8F1010040F2AE8000EE100A9C
:10A9D000B6EE00EA41F2906941F2BC74C2F201495C
:10A9E000C2F20144B8EE40AA40F22B179FEDA6BA7E
:10A9F0009FED9FCA9FEDA3DA9FED9FFADFED9F8A3F
:10AA0000DFED9C9ADFED9EAA26E000BF31EE0F1A23
:10AA1000B0EE4E2A80EE090A013F81EE281A80FE30
:10AA20000C0A81FE0C1A80FE480A81FE481A00EECC
:10AA30000D2AB0EE4E0A01EE0D0ABCEEC21ABCEEB3
:10AA4000C00A11EE100A09F8010B781C10EE101A5A
:10AA500004F8011B00F0DC8000EE107AB8EE400A2A
:10AA60002AEE000AC0EE0BBABCEEEB0A10EE100A9A
:10AA7000461C464528BF064600F042FC05463046C7
:10AA800000F03EFCB0EE4C0AB0EE4C1A002DBDD0EA
:10AA9000B0EE4C0AB0EE4C1A0028B7D095ED020A81
:10AAA00090ED021A31EE401A90ED014A31EE292A5A
:10AAB000B4EE4F1AF1EE10FA32FE011AB6EEEB2A9E
:10AAC00031EE283AF4EE41AAF1EE10FA3BEEC22A3A
:10AAD00033FE011A95ED013A34EE434A02EE010AC3
:10AAE00002EE043A30EE291AB4EE4F0A13EE100AC1
:10AAF000F1EE10FA31FE000A00F0FF4030EE281AA5
:10AB0000F4EE40AAF1EE10FA31FE001AB0F1FF4F58
:10AB10000CFE030A11EE101A01F0FF40B0F1FF4FD6
:10AB20000CFE011A72E700BFB6EE00CA41F2906651
:10AB300041F2BC7700259FED4EAAC2F201469FED7F
:10AB400051BAC2F201479FED4CDA9FED4CEA9FEDFE
:10AB500049FADFED4B8A23E031EE0D1AB0EE4C2AB4
:10AB600080EE090A81EE0E1A80FE0A0A81FE0A1A98
:10AB700080FE480A81FE481A00EE0B2AB0EE4C0A0D
:10AB800001EE0B0ABCEEC21ABCEEC00A11EE100AAE
:10AB9000705510EE101A79550135B5F5967F37D0FE
:10ABA000002000F0ADFB0446002000F0A9FBB0EE51
:10ABB0004A0AB0EE4A1A002CCED0B0EE4A0AB0EEE5
:10ABC0004A1A0028C8D094ED020A30EE0F1AB4EEEB
:10ABD0004D0AF1EE10FA31FE000A30EE0E1AF4EED4
:10ABE000408AF1EE10FA31FE001A94ED010A10EEDF
:10ABF000100A11EE101A00F0FF40B0F1FF4F01F003
:10AC0000FF400AFE000AB0F1FF4F0AFE011AA3E757
:10AC10004FF6DB540021C0F600042046FCF760FE2E
:10AC200001212046FCF75CFE41F290620021C2F255
:10AC300001424FF496732046FCF7DAFD90B14FF6CF
:10AC4000DB5041F2BC72C0F60000C2F201420121A9
:10AC50004FF49673BDEC108B01B0BDE8F043FCF7E8
:10AC6000C7BD00BFBDEC108B01B0BDE8F08300BFD5
:10AC7000000000000000B4C3000034430000B443EF
:10AC8000000034C3000048430080954300000000EA
:10AC900041F26030C2F20140011D81EC050A002141
:10ACA000C0E90611C0E908110121017070470000D8
:10ACB00041F26030C2F201400078704700000000AD
:10ACC0002DE9F04F81B02DED0C8B84B01A9CB4F5BA
:10ACD000807F00F2B38141F2603EC2F2014E9EF8E5
:10ACE0000070002F00F0AA819EED065ADEED070AE3
:10ACF0009EED087A9EED096AA4B1671E9EED014A99
:10AD00009EED021A9EED030A9EED043A032F9EED7E
:10AD1000052A04F00307CDE90131039706D2002488
:10AD2000C9E000BFF0EE473A80E100BFF6EE005AFE
:10AD300024F0030800EB4209002401EB430A6FF002
:10AD40000105DFEDC11ADFEDC12ADFEDC13ADFED0C
:10AD5000C14ADFEDC16ADFEDC17A9FEDC18A9FED87
:10AD6000C19A00BF09EB050C0AEB050B0835BCF8CE
:10AD700002600AEE106A09EB4406B8EE4AAA3AEEFF
:10AD800021AA2AEE22AA24EE0ABA05EE01BA00EEA2
:10AD900080BAF0EE670A07EE43BA06EE42BA2BEE2F
:10ADA000236A26EE246A46EE260A80FE886A86FE1C
:10ADB000496A36EE256ABCEEC66A16EE10EAABF8B2
:10ADC00002E0778806EE107A0AEB44070434A045C7
:10ADD000B8EE466A36EE216A26EE22CAB0EE676AFF
:10ADE00024EE0CDA0AEE01DA05EE00DA0BEE43DAB5
:10ADF00007EE42DAB0EE677A2DEE235A25EE245A9A
:10AE000005EE266A86FE085A85FE495A35EE255A11
:10AE1000BCEEC55A15EE101A7980B18805EE101AED
:10AE2000B8EE455A35EE215A65EE220A24EE206A24
:10AE30000CEE016A0AEE006A0DEE436A0BEE426AFE
:10AE4000B0EE67BA26EE235A25EE245A05EE267A8E
:10AE500087FE085A85FE495A35EE255ABCEEC55A7A
:10AE600015EE101AB980BCF8081005EE101AB8EEED
:10AE7000455A35EE215A25EE225A24EE057A00EE87
:10AE8000817A0CEE007A06EE437A0DEE427A27EED6
:10AE900023AA2AEE24AA0AEE26BA8BFE08AA8AFE64
:10AEA00049AA3AEE25AABCEECAAA1AEE101AABF8C5
:10AEB00008107FF457AFF0EE473A039B41F2603E33
:10AEC000002BC2F2014E00F0B180A518DFED5E3A12
:10AED000DFED5E4AB6EE00AA30F81550DFED5D5AA0
:10AEE000DFED5E7ADDF8048001EE905AB0EE679AED
:10AEF000DFED596A04EB08059FED598ADDF808C0BB
:10AF0000F8EE611A012B71EEA31A61EEA41A64EE39
:10AF1000212A45EE012A40EE802ADFED4D0A47EE58
:10AF2000432A46EE422A22EEA06A26EE256A06EE63
:10AF3000269A89FE086A9FED4B9A86FE496A36EE8C
:10AF40000A6ABCEEC66A16EE106A2CF8156009D1C2
:10AF5000F0EE623AB0EE476AF0EE450AB0EE615AA2
:10AF600064E000BF611C022B01EB0207414430F892
:10AF7000177006EE107AB8EE466A36EE236A26EEB1
:10AF800024BA24EE0B6A01EE816A05EE006A02EE35
:10AF9000C36A07EE426AB0EE677A26EE205A25EEC3
:10AFA000255A05EE267A87FE085A85FE495A35EE5F
:10AFB0000A5ABCEEC55A15EE107A2CF8117009D158
:10AFC000F0EE463AB0EE626AF0EE610AB0EE4B5A2D
:10AFD0002CE000BFA11C0A4430F8120005EE100A54
:10AFE00001EB0800B8EE455A35EE235A25EE245AF7
:10AFF00064EE053A4BEE013A41EE803A46EE433AB2
:10B0000042EEC23A23EEA00AF0EE4B0A20EE250AE9
:10B0100040EE267A87FE880A80FE490A30EE0A0A48
:10B02000BCEEC00A10EE101A2CF810108EED065A65
:10B03000CEED070ACEED083A8EED096A04B0BDECFC
:10B040000C8B01B0BDE8F08F000000C50000003A95
:10B0500000E0FF44CDCC4C3FF628DC3F000000452B
:10B060000000000000F07F45B2B04EF66075012090
:10B07000CEF200050290F9F703FB4FF01050039059
:10B08000102002AEC0F20130049030460024059436
:10B09000F9F7C6FA0420F9F703FB4FF6B451CFF6DF
:10B0A000FF716858800311D4BFF34F8FBFF36F8FC8
:10B0B00045F8104CBFF34F8FBFF36F8F685840F4C3
:10B0C00000306850BFF34F8FBFF36F8F6858C003D5
:10B0D00063D44FF624600021CFF6FF70012343F6BE
:10B0E000E07629504FF62060CFF6FF70BFF34F8F08
:10B0F0002858C208C0F3C908C0F34E31A8F10104B2
:10B1000003EBD000A8F1020B930700F003004FEA15
:10B11000847A4FEA8B720192A8F10302009203E055
:10B120000029A1F1010129D006EA4117424678B170
:10B13000012843EA07022A60224609D002284AEA87
:10B1400007022A605A4603D0019A3A432A60009ABD
:10B15000B8F1030FE4D347EA8277013207F1404C9C
:10B1600087F0004E07F18049043A2F60C5F800C00F
:10B17000C5F800E0C5F80090F6D1D1E74FF6B4511C
:10B1800002AECFF6FF71BFF34F8F685840F48030A6
:10B190006850BFF34F8FBFF36F8FF9F7E5F9FDF7F5
:10B1A000C7F906F128009821F5F7CEF800200390A2
:10B1B0004FF400210291022104910C222B90CDE941
:10B1C0000521CDE90711C02109912021CDE90A10FF
:10B1D0003046F9F759FF18B172B600BFFEE700BF5D
:10B1E000FCF74EFDFCF710FDFCF73AFCFCF758FEAF
:10B1F000FCF716FEFCF7DCFCFCF7EAFDFCF78CFC28
:10B2000000F006F800F05CF8FCE700000000000029
:10B2100080B541F28C300421C2F20140007804383C
:10B22000B0FA80F0420940F60000C5F60200F9F7D6
:10B2300073F941F6C810C2F20140FDF7D5F8FDF7E9
:10B2400057F8FCF761FB41F2D4300021C2F2014013
:10B2500040F2FF72F6F784F848B941F23840002115
:10B26000C2F2014040F2FF72F6F77AF808B1F6F741
:10B270005BF841F2D43040F20001C2F20140C2F268
:10B2800000414FF40062F6F743FE41F2384041F2CC
:10B290000001C2F20140C2F200414FF40062F6F731
:10B2A00037FE41F6E8000022C2F2014001684A621E
:10B2B0006FF001020A61BDE88040FBF749BA000067
:10B2C00080B541F28C30C2F201400078042801D1EF
:10B2D000FEF7EAFEBDE88040FDF71AB80000000066
:10B2E00041F29420C2F201407047000000000000CB
:10B2F00041F29420C2F20140183070470000000073
:10B3000041F2C83141F6602CC2F2014100EB40032A
:10B31000C2F2014C8A680021824288BF0CEB830193
:10B32000084670470000000041F2C830C2F20140F8
:10B33000806870470000000041F2C830C2F201404E
:10B34000007870470000000041F2C830C2F20140AE
:10B350000079704700000000032807D84FF6AC3191
:10B36000C0F6000151F82000704700BF4FF6C150F1
:10B37000C0F600007047000041F2C8310128C2F257
:10B38000014107D0022818BF7047881C01210170B5
:10B39000704700BF481C0121017070470000000089
:10B3A00041F2C8300121C2F20140C1707047000073
:10B3B0002DE9F04F81B02DED108BA8B041F2942310
:10B3C00041F2C83BC2F20143C2F2014B4FF0000808
:10B3D000D3E900011790D86818911969CDE91A01CD
:10B3E0009BF800009A690B9041F6E800C2F2014018
:10B3F0001D92DA691E921A6A1F925A6A20929A6AFC
:10B400002192DA6A22921A6C2792DA6B26929A6B50
:10B4100025925A6B24921A6B23929A6819925A6950
:10B420001C928BF80480FBF7EBF941F2D437C2F29F
:10B4300001473846F6F700FE41F23849C2F20149A9
:10B440004846F6F7F9FD41F29C400021C2F2014066
:10B45000F7F722F841F2E425C2F201452846F7F752
:10B4600043FC41F2B044C2F201442046F7F73CFCF1
:10B470002846C5F81C804FF440362E62C4E9078682
:10B48000F8F71AFA40B941F2B04AC2F2014A5046FE
:10B49000F8F712FA00284FD00FF67470FDF7E4FCAD
:10B4A0002846F7F721FC2046F7F71EFC4FF4807082
:10B4B000C5E90708C4E907062846F8F7FDF920465C
:10B4C000F8F7FAF90320C9F82C00C7E90B08386827
:10B4D000FD64AF63C9F84C40C4F83890C9F83080B7
:10B4E000C16841F00301C160C16821F48051C160AD
:10B4F000D9F80000C16841F00301C160C16821F4BE
:10B500008051C16028B0BDEC108B01B0BDE8F08F58
:10B510001EF8C3B12E2E11403333B3A728CDCD4131
:10B52000000000000000F03DDB0FC940001BB749E0
:10B530000000000000606A463968FD64AF630122C4
:10B54000C9F84CA04FF48050CAF8389041F29424C6
:10B55000FA62C2F2014438634EF65C7AC9F82C20D4
:10B56000CEF2000AC9F830000027C86862F3010073
:10B57000C860C86840F48050C860D9F80000C1684D
:10B5800062F30101C160C16841F48051C16004F1FE
:10B5900018002C21CBF80870F4F7D6FE4FF4487051
:10B5A000C4E90077C4E90277C4E90477F5F7D8F96C
:10B5B0001FED299B1FED28AB1FED27CB49F240590A
:10B5C0004FF47A74C2F200491FED29BA1FED29DA4F
:10B5D0001FED29EA1FED29FA1FE000BF0FF650709A
:10B5E0002146FDF741FC2846F6F726FD3046F6F7E2
:10B5F00023FD00278BF8047048F2A060C0F2010020
:10B6000084424FF4FA6038BFC82004444AF2211043
:10B61000C0F20700844280F0D38700EE104AB8EEF3
:10B62000401AB8EE400BB7EEC11A21EE091BB6EE78
:10B63000C11B21EE0A1B21EE0C8BF5F79DF944F698
:10B640001F602044B0FBF4F0032898BF0320F8F7F4
:10B650004BFE8BF8017001208BF8027042F2000162
:10B660008BF80370C2F200418BF8040041F23846B7
:10B67000BFF34F8F47F250500B46C2F2014600BF56
:10B68000A0F5E070CAF8143003F12002CAF81420C3
:10B6900003F14002CAF8142003F16002CAF8142032
:10B6A00003F18002CAF8142003F1A002CAF81420A2
:10B6B00003F1C002CAF8142003F1E002CAF8142012
:10B6C00003F58072CAF8142003F59072CAF81420AA
:10B6D00003F5A072CAF8142003F5B072CAF814205A
:10B6E00003F5C072CAF8142003F5D072202803F5C0
:10B6F000E073CAF81420C3D8BFF34F8FBFF36F8F26
:10B70000BFF34F8F41F2D43047F250534F46C2F24D
:10B71000014000BFA3F5E073CAF8147007F12002DE
:10B72000CAF8142007F14002CAF8142007F1600299
:10B73000CAF8142007F18002CAF8142007F1A00209
:10B74000CAF8142007F1C002CAF8142007F1E00279
:10B75000CAF8142007F58072CAF8142007F5907211
:10B76000CAF8142007F5A072CAF8142007F5B072C1
:10B77000CAF8142007F5C072CAF8142007F5D07271
:10B78000202B07F5E077CAF81420C3D8BFF34F8FFA
:10B79000BFF36F8F43F698220546F6F7B9FB0746CD
:10B7A00043F6982230464946F6F7B2FB38437FF419
:10B7B00015AF169441F6E804C2F201440027B7EE33
:10B7C000C88B6FF001012068476201612046FAF7DB
:10B7D000BFFFF8F7B1FE80469BF8010010B19BF85F
:10B7E000020040B99BF8030028B9F8F7A5FEA0EBCA
:10B7F00008002928F0D32046FBF702F841F2D430A4
:10B80000C2F20140F6F718FC41F23840C2F20140A2
:10B81000F6F712FC8BF804709BF8010028B19BF836
:10B82000020010B19BF8030060B14FF66350169C04
:10B83000C0F600002146FDF717FB49F24059C2F25D
:10B840000049D9E642F2000449F24059BFF34F8F54
:10B85000C2F2004447F25050A4462146C2F20049C9
:10B86000169C00BFA0F5E070CAF8001001F120029C
:10B87000CAF8002001F14002CAF8002001F160027C
:10B88000CAF8002001F18002CAF8002001F1A002EC
:10B89000CAF8002001F1C002CAF8002001F1E0025C
:10B8A000CAF8002001F58072CAF8002001F59072F4
:10B8B000CAF8002001F5A072CAF8002001F5B072A4
:10B8C000CAF8002001F5C072CAF8002001F5D07254
:10B8D000202801F5E071CAF80020C3D8BFF34F8FCC
:10B8E000BFF36F8FBFF34F8F47F25050494647F277
:10B8F000305600BFA0F5E070CAF8001001F1200238
:10B90000CAF8002001F14002CAF8002001F16002EB
:10B91000CAF8002001F18002CAF8002001F1A0025B
:10B92000CAF8002001F1C002CAF8002001F1E002CB
:10B93000CAF8002001F58072CAF8002001F5907263
:10B94000CAF8002001F5A072CAF8002001F5B07213
:10B95000CAF8002001F5C072CAF8002001F5D072C3
:10B96000202801F5E071CAF80020C3D8BFF34F8F3B
:10B97000BFF36F8F40F6FF70002200213CF8027089
:10B980000CEB02031E32874238BF38465D888F4277
:10B9900088BF3946854238BF28469F888D4288BF78
:10B9A0002946874238BF3846DD888F4288BF3946EE
:10B9B000854238BF28461F898D4288BF2946874265
:10B9C00038BF38465D898F4288BF3946854238BFC7
:10B9D00028469F898D4288BF2946874238BF38460E
:10B9E000DD898F4288BF3946854238BF28461F8A85
:10B9F0008D4288BF2946874238BF38465D8A8F42CC
:10BA000088BF3946854238BF28469F8A8D4288BF05
:10BA10002946874238BF3846DD8A8F4288BF39467B
:10BA2000854238BF28461F8B8D4288BF29468742F2
:10BA300038BF38465D8B8F4288BF3946854238BF54
:10BA400028469B8B8D4288BF2946834238BF1846C3
:10BA50008B4288BF1946B24290D10928C0F0A48217
:10BA600040F6F670814200F29F8240F6FF7000229D
:10BA7000002100BF39F8027009EB02031E32874231
:10BA800038BF38465D888F4288BF3946854238BF07
:10BA900028469F888D4288BF2946874238BF38464E
:10BAA000DD888F4288BF3946854238BF28461F89C6
:10BAB0008D4288BF2946874238BF38465D898F420C
:10BAC00088BF3946854238BF28469F898D4288BF46
:10BAD0002946874238BF3846DD898F4288BF3946BC
:10BAE000854238BF28461F8A8D4288BF2946874233
:10BAF00038BF38465D8A8F4288BF3946854238BF95
:10BB000028469F8A8D4288BF2946874238BF3846DB
:10BB1000DD8A8F4288BF3946854238BF28461F8B51
:10BB20008D4288BF2946874238BF38465D8B8F4299
:10BB300088BF3946854238BF28469B8B8D4288BFD7
:10BB40002946834238BF18468B4288BF1946B24205
:10BB500090D10928C0F0288240F6F770814280F029
:10BB6000238228EE0B0A8DED138A80EE0D8AB0EE4B
:10BB7000480A02F021FCB0EE409AB0EE480A8DED82
:10BB8000158A03F00BF9B0EE40AAB0EE4E0A42F26D
:10BB9000000347F23057C2F2004300201A5A191826
:10BBA000323001EE102A4A88B842B8EE411A30EE1F
:10BBB000010A01EE102A8A88B8EE411A30EE010A15
:10BBC00001EE102ACA88B8EE411A30EE010A01EEE1
:10BBD000102A0A89B8EE411A30EE010A01EE102A45
:10BBE0004A89B8EE411A30EE010A01EE102A8A891C
:10BBF000B8EE411A30EE010A01EE102ACA89B8EEF9
:10BC0000411A30EE010A01EE102A0A8AB8EE411AF2
:10BC100030EE010A01EE102A4A8AB8EE411A30EEDF
:10BC2000010A01EE102A8A8AB8EE411A30EE010AA2
:10BC300001EE102ACA8AB8EE411A30EE010A01EE6E
:10BC4000102A0A8BB8EE411A30EE010A01EE102AD2
:10BC50004A8BB8EE411A30EE010A01EE102A8A8BA7
:10BC6000B8EE411A30EE010A01EE102ACA8BB8EE86
:10BC7000411A30EE010A01EE102A0A8CB8EE411A80
:10BC800030EE010A01EE102A4A8CB8EE411A30EE6D
:10BC9000010A01EE102A8A8CB8EE411A30EE010A30
:10BCA00001EE102ACA8CB8EE411A30EE010A01EEFC
:10BCB000102A0A8DB8EE411A30EE010A01EE102A60
:10BCC0004A8DB8EE411A30EE010A01EE102A8A8D33
:10BCD000B8EE411A30EE010A01EE102ACA8D098E23
:10BCE000B8EE411A30EE010A01EE102AB8EE411A00
:10BCF00030EE010A01EE101AB8EE411A30EE010AD8
:10BD00007FF44CAFB7EE003A80EE0F4AF0EE4E9A59
:10BD1000F0EE4EBAB0EE4E5A03F10807F0EE438A49
:10BD2000002543F6982145E083EE010A6AEE80AAD9
:10BD30006FEE80FA00EE106A02EE108A01EE102A11
:10BD400005358D4207F10A07B8EE400AB8EE422ADF
:10BD5000B8EE411A30EE440A31EE441A48EE809AA9
:10BD6000F0EE6A8A45EE40BAB0EE6F5A32EE440AFF
:10BD700002EE104A4CEE019A49F2405448EE41BAA4
:10BD8000C2F20044B8EE422A4DEE009A4CEEC0BA20
:10BD900032EE441A02EE109AB8EE422A4DEE819A23
:10BDA0004EEE41BA32EE440A4EEE809A4FEE40BA61
:10BDB00000F00281E8B229EE28CA29EE058A37F898
:10BDC000086CFF280AEE45CA0AEE288A11D128EE2F
:10BDD000080A0CEE0C0AB1EEC01AB4EE411AF1EEEC
:10BDE00010FA80F1938083EE010A2CEE00CA28EE4F
:10BDF000008A29EE0CDA681CC0B269EE08CA37F86E
:10BE0000062CFF280AEE48DA4AEE0CCA11D12CEEB5
:10BE1000AC0A0DEE0D0AB1EEC01AB4EE411AF1EE05
:10BE200010FA80F1858083EE010A2DEE00DA6CEEC7
:10BE300080CA69EE0DDAA81CC0B229EE2CEA37F8E8
:10BE4000048CFF284AEE6CDA0AEE0DEA10D12EEED1
:10BE50000E0A0DEEAD0AB1EEC01AB4EE411AF1EEC3
:10BE600010FA79D683EE010A6DEE80DA2EEE00EA42
:10BE700069EE2DEAE81CC0B229EE0EFA37F8024C42
:10BE8000FF284AEE4EEA0AEE2DFA10D12FEE0F0AE5
:10BE90000EEEAE0AB1EEC01AB4EE411AF1EE10FA8F
:10BEA0006ED683EE010A6EEE80EA2FEE00FA69EE9E
:10BEB0002EAA281DC0B269EE0FFAB7F80090FF282D
:10BEC0004AEE4FAA4AEE2EFA7FF434AF2FEEAF0AB5
:10BED0000AEEAA0AB1EEC01AB4EE411AF1EE10FA57
:10BEE000FFF522AF8DED144A8DED125A119203F039
:10BEF0001DF8B7EE003AB0EE401A119A9DED125AB5
:10BF00009DED144A43F698210EE700BFB0EE44DAE7
:10BF1000B0EE45EA03F00AF8B0EE4E5AB0EE4D4AE4
:10BF2000B7EE003AB0EE401A43F698215BE700BF47
:10BF3000B0EE44EAB0EE45FA144602F0F7FFB0EE78
:10BF40004F5AB0EE4E4AB7EE003AB0EE401A2246D3
:10BF500043F6982167E700BFB0EE44FAF0EE45AA39
:10BF6000144602F0E3FFB0EE6A5AB0EE4F4AB7EE65
:10BF7000003AB0EE401A224643F6982172E700BF1D
:10BF8000F0EE44AAF0EE45FA914602F0CFFFB0EE93
:10BF90006F5AB0EE6A4AB7EE003AB0EE401A4A461F
:10BFA00043F698217DE700BF0FF6C0602146FCF7FD
:10BFB0005BFF0027FFF720BB3BEEAB0A9DED158A28
:10BFC0008DED140AB0EE480A39EEA9AA02F0F4F990
:10BFD000B0EE409AB0EE480A02F0E0FE9FEDF32A80
:10BFE000B0EE408AB0EE420A002047F2305300BF64
:10BFF000225A2118323001EE102A4A889842B8EEAF
:10C00000411A30EE010A01EE102A8A88B8EE411A70
:10C0100030EE010A01EE102ACA88B8EE411A30EE5D
:10C02000010A01EE102A0A89B8EE411A30EE010A1F
:10C0300001EE102A4A89B8EE411A30EE010A01EEEB
:10C04000102A8A89B8EE411A30EE010A01EE102A50
:10C05000CA89B8EE411A30EE010A01EE102A0A8AA6
:10C06000B8EE411A30EE010A01EE102A4A8AB8EE03
:10C07000411A30EE010A01EE102A8A8AB8EE411AFE
:10C0800030EE010A01EE102ACA8AB8EE411A30EEEB
:10C09000010A01EE102A0A8BB8EE411A30EE010AAD
:10C0A00001EE102A4A8BB8EE411A30EE010A01EE79
:10C0B000102A8A8BB8EE411A30EE010A01EE102ADE
:10C0C000CA8BB8EE411A30EE010A01EE102A0A8C32
:10C0D000B8EE411A30EE010A01EE102A4A8CB8EE91
:10C0E000411A30EE010A01EE102A8A8CB8EE411A8C
:10C0F00030EE010A01EE102ACA8CB8EE411A30EE79
:10C10000010A01EE102A0A8DB8EE411A30EE010A3A
:10C1100001EE102A4A8DB8EE411A30EE010A01EE06
:10C12000102A8A8DB8EE411A30EE010A01EE102A6B
:10C13000CA8D098EB8EE411A30EE010A01EE102ABE
:10C14000B8EE411A30EE010A01EE101AB8EE411AAB
:10C1500030EE010A7FF44CAFB7EE003A9FEDB51A0E
:10C160008AEE015A9FEDB41A80EE014AF0EE428A3F
:10C17000F0EE429AF0EE43BAB0EE426A04F10807DC
:10C18000002543F698214AE083EE010A6AEE80AA70
:10C190002AEE00AA00EE106A02EE108A01EE102AC2
:10C1A000053541F660288D42B8EE400A07F10A07CE
:10C1B000B8EE422AC2F20148B8EE411A30EE440A03
:10C1C00031EE441A4BEE808AF0EE6ABA46EE409A9F
:10C1D000B0EE4A6A32EE440A02EE104A4CEE018A90
:10C1E000169C4FEEC19AB8EE422A4DEE008A4CEEF4
:10C1F000C09A32EE441A02EE109A49F24059C2F245
:10C200000049B8EE422A4DEE818A4EEE419A32EE56
:10C21000440A4EEE808A4FEE409A00F02781E8B241
:10C2200029EE2BCA69EE06FA37F8086CFF2808EEEB
:10C2300046CA48EE2BFA11D12FEEAF0A0CEE0C0ACB
:10C24000B1EEC01AB4EE411AF1EE10FA80F1988006
:10C2500083EE010A2CEE00CA6FEE80FA29EE0CDAAA
:10C26000681CC0B269EE2FCA37F8062CFF2808EE0A
:10C270006FDA48EE0CCA11D12CEEAC0A0DEE0D0AA5
:10C28000B1EEC01AB4EE411AF1EE10FA80F19080CE
:10C2900083EE010A2DEE00DA6CEE80CA69EE0DDA4B
:10C2A000A81CC0B229EE2CEA37F8048CFF2848EE0F
:10C2B0006CDA08EE0DEA11D12EEE0E0A0DEEAD0A83
:10C2C000B1EEC01AB4EE411AF1EE10FA80F1888096
:10C2D00083EE010A6DEE80DA2EEE00EA69EE2DEAB9
:10C2E000E81CC0B229EE0EFA37F8024CFF2848EEDF
:10C2F0004EEA08EE2DFA11D12FEE0F0A0EEEAE0A1D
:10C30000B1EEC01AB4EE411AF1EE10FA80F1968047
:10C3100083EE010A6EEE80EA2FEE00FA69EE2EAA95
:10C32000281DC0B229EE0FAAB7F80090FF2848EEEA
:10C330004FAA08EE2EAA7FF42DAF2AEE0A0A0AEEC3
:10C34000AA0AB1EEC01AB4EE411AF1EE10FAFFF5E6
:10C350001BAF8DED125A8DED154A8DED116A1092BD
:10C3600002F0E4FDB7EE003AB0EE401A109A9DEDEF
:10C37000116A9DED154A9DED125A43F6982103E787
:10C38000B0EE45AAB0EE44DAB0EE46EA02F0CEFDD9
:10C39000B0EE4E6AB0EE4D4AB0EE4A5AB7EE003AF1
:10C3A000B0EE401A43F6982152E700BF00000000AB
:10C3B000B0EE45AAB0EE44EAB0EE46FA144602F0FA
:10C3C000B5FDB0EE4F6AB0EE4E4AB0EE4A5AB7EE47
:10C3D000003AB0EE401A224643F6982158E700BFD3
:10C3E000B0EE45AAB0EE44FAF0EE46AA144602F0CA
:10C3F0009DFDB0EE6A6AB0EE4F4AB0EE4A5AB7EE13
:10C40000003AB0EE401A224643F6982160E700BF9A
:10C4100053574545505F4552524F523A204144438D
:10C4200020444D4120696E6974206661696C6564C1
:10C430000D0A00000060EA4B00606A46B0EE45AAB3
:10C440008DED154AF0EE46AA914602F06FFDB0EE72
:10C450006A6AB0EE4A5AB7EE003AB0EE401A4A465F
:10C460009DED154A43F6982152E700BF1FED0F4A94
:10C470009DED140A80EE041A9FEDEC2A21EE010ACC
:10C4800005EE050AB4EE420AF1EE10FA60DD39EE6F
:10C49000A92A002738EEA83A9FEDE5DA9FEDE6CB12
:10C4A00082EE042A83EE043A25EE024A21EE022AA5
:10C4B00001EE434A05EE032A84EE00AA82EE009ABA
:10C4C0002AEE0A0A09EE090AB1EEC08AB4EE488AD9
:10C4D000F1EE10FA6ED6B0EE4A0AF0EE490A01F01B
:10C4E00015FE18EE100A1FED4FEA1FED2DFA00F0B1
:10C4F000FF40B0F1FF4F0ED09FEDD11A20EE010AA0
:10C500009FEDD01A80EE010A10EE100A00F0FF40F5
:10C51000B0F1FF4F32D14FF63D502146C0F600003A
:10C52000FCF7A2FC9FEDC89B9FEDC9ABFFF764B879
:10C5300053574545505F4552524F523A204144436C
:10C540002073746172742040256C75487A0D0A005E
:10C550004FF68B502146C0F60000FCF785FC9FED9E
:10C56000BA9B9FEDBBAB9FEDB4CB00279FEDB0DA3C
:10C570001FED72EA1FED50FAFFF73EB8DBF8080036
:10C58000C1089FEDB19B9FEDB2AB56293FF634A891
:10C5900000EB40019DED131A0130CBF8080008EBC9
:10C5A000810181ED001A81ED018A81ED020AFFF718
:10C5B00023B800BF02F0BAFCB0EE408A8BE700BFA0
:10C5C0000020F4F7CDF9DBF8081041F2E42A41F23B
:10C5D000B0480C29C2F2014AC2F20148C1F092816E
:10C5E000481E032801F0030004D200211FED911A18
:10C5F0001FE000BF41F6602221F00303C2F20142B6
:10C600000021303A1FED971A92ED0D0A043180FE99
:10C61000010A92ED101A8B4281FE000A92ED131A64
:10C6200081FE000A92ED161A02F1300281FE001A14
:10C63000EAD1B8B101EB410141F66022C2F20142F8
:10C64000012802EB810191ED010A80FE011A09D057
:10C6500091ED040A022880FE011A03D091ED070A29
:10C6600080FE011AB5EE401AF1EE10FA41F37E8019
:10C670009FEDD80AB3EE08FA61EE00BAF3EE04DAE1
:10C6800000260127B7EE003A9FEDD34A9FEDD38AEB
:10C690008DED083A9FEDD25A8DED073A9FEDD16AA4
:10C6A0008DED0C1A1FEDBFEADFEDCFAA9FEDCF2A6B
:10C6B0008DED0A2A9FEDCE0A8DED090A0FE000BF2D
:10C6C00041F2E42A41F2B048C2F2014AC2F2014802
:10C6D0000D9F9DED0C1A0136042E01F04B8041F6A2
:10C6E00060284FF000099FEDE40A8DED110AB7EEC6
:10C6F000000AC2F201480D978DED100A9FEDBB0AAA
:10C700008DED0F1A8DED140A16960BE009F1010953
:10C710009FEDB14AB9F1030F9FEDB15A9FEDB16A98
:10C7200000F0B683B0EE469AB0EE450AF0EE488AC5
:10C73000B0EE441AB9F1000F25D00FF6E8500FF60D
:10C74000EC51B9F1010F08BF043008BF043190ED7E
:10C75000000A9DED113A91ED001A9DED107A23EE3D
:10C76000000A27EE011A33EE402A33EE000A37EEB4
:10C77000413A37EE011A82FE069A80FE450AC3FE50
:10C78000088A81FE441A81EE28AA4FF0000A71EE51
:10C7900068CA8DED139A80EE092A30EE490A8DEDB4
:10C7A0000E2A8DED120A08E00AF1010A9FED8B8A2C
:10C7B000BAF1190F9DED139AA8D000EE10AAB9F1A5
:10C7C000000FB8EE400A09D09DED121A21EE000AC2
:10C7D00080EE0F0A39EE009A08E000BFC0EE0F0AA3
:10C7E0009DED0E0A01F0A8FF29EE009A29EE0B4AF2
:10C7F0009FEDCD0A9FEDCD1AB7EE002A00258DEDF5
:10C80000154A24EE000A24EE011A24EE083A82EEBC
:10C81000000A82EE011A9FEDC62A24EE022A24EEB7
:10C8200004CA83FE41DAC2FE00EA22E017B7D1371C
:10C83000001BB74900BF00BF000000000000F03D32
:10C8400000003443DB0F49401EF8C3B12E2E1140C7
:10C850003333B3A728CDCD4141F66028C2F2014859
:10C86000169EB3EE08FADFED60AA00BF0135192D60
:10C870009AD000EE105AB9F1000FB8EE400A0BD072
:10C880002CEE800A80EE0F0A78EE809AB5EE409A80
:10C89000F1EE10FA0DDCE9E7C0EE0F0AB0EE4A0A3D
:10C8A00001F04AFF68EE809AB5EE409AF1EE10FA78
:10C8B000DCDDF5EE409AF1EE10FAD7DDF4EE4DEA4C
:10C8C000F1EE10FAD2DC9FEDC81A29EEAA0A29EE81
:10C8D000811A8EFE800A8DFE411AB4EE410AF1EEF5
:10C8E00010FA0EDD9FEDC01A8AEEA90A81EE291A10
:10C8F0008EFE800A8DFE411AB4EE410AF1EE10FA66
:10C90000B4DCDBF808000028B0D09DED150A032E3A
:10C9100080EE29FA50D1B0EE4E8AF0EE4EAA08F120
:10C9200004040027002607E00137DBF808008742EF
:10C9300004F10C0480F05A8114ED010AF0EE4CFA77
:10C9400020EE0B0A40EE40FA2FEE000A2FEEAF1A4F
:10C9500000EE001AB1EEC10AB4EE400AF1EE10FA90
:10C9600020D6B5EE400AF1EE10FADDDDB0EEEF1A9A
:10C9700081EE000A9FEDCE1AB4EE410AF1EE10FAF4
:10C98000D2DD10EE100A00F0FF40B0F1FF4FCBD027
:10C9900094ED001A00EE008A81FE2B1A013640EE5B
:10C9A00001AAC1E7B0EE410A02F0C0FAB5EE400AB2
:10C9B000F1EE10FADADCB7E7002E69D008F10407CF
:10C9C0000024022E40F0C080B0EE4E8AF0EE4EAA57
:10C9D000002617E00AD7A33B0000C8420AD7233C31
:10C9E000359944475E479D4500007A449EC97F7F44
:10C9F00000409C450134DBF80800844207F10C0735
:10CA000080F0F48097ED000AB4EE6B0AF1EE10FAB4
:10CA1000F0DB17ED010A20EE0B0A60EE00FA2FEEB4
:10CA2000000A3CEE6F1A21EE011A00EE001AB1EE78
:10CA3000C10AB4EE400AF1EE10FA1FD6B5EE400A74
:10CA4000F1EE10FAD6DD8FEE800A9FED991AB4EE62
:10CA5000410AF1EE10FACDDD10EE100A00F0FF40B1
:10CA6000B0F1FF4FC6D097ED001A00EE008A40EEFD
:10CA700001AA0136BEE700BFF9AD7846B0EE410A23
:10CA800002F054FAB5EE400AF1EE10FADBDCB1E741
:10CA9000B0EE4E8AF0EE4EAA08F1040800270026F8
:10CAA00008E000BF0137DBF80800874208F10C08F6
:10CAB00080F09C8098ED000AB4EE6B0AF1EE10FA5B
:10CAC000F0DB18ED010AB0EE4C1A20EE0B0A00EE76
:10CAD000401A2FEE000A21EE011A00EE001AB1EE04
:10CAE000C10AB4EE400AF1EE10FA23D6B5EE400AC0
:10CAF000F1EE10FAD6DD8CEE000A9FED6D1AB4EE61
:10CB0000410AF1EE10FACDDD10EE100A00F0FF4000
:10CB1000B0F1FF4FC6D098ED001A00EE008A40EE4B
:10CB200001AA0136BEE700BF95BFD63377CC2B32C2
:10CB30006F12833AB0EE410A02F0F8F9B5EE400AFE
:10CB4000F1EE10FAD7DCADE7B0EE4E8AF0EE4EAA69
:10CB5000002606E00134DBF80800844207F10C07E8
:10CB600044D297ED000AB4EE6B0AF1EE10FAF1DB55
:10CB700017ED010AB0EE4C1A20EE0B0A00EE401A37
:10CB80006FEE00FA21EE011A0FEEAF1AB1EEC10AF4
:10CB9000B4EE400AF1EE10FA1CD6B5EE400AF1EE02
:10CBA00010FAD7DD8FEE800A9FED411AB4EE410AEC
:10CBB000F1EE10FACEDD10EE100A00F0FF40B0F1F9
:10CBC000FF4FC7D097ED001A00EE008A40EE01AA91
:10CBD0000136BFE7B0EE410A02F0A8F9B5EE400A0F
:10CBE000F1EE10FADEDCB5E700401C4600283FF409
:10CBF00033AEB5EE408A41F66028F1EE10FAC2F28B
:10CC000001487FF72DAE0C2EFFF42AAE8AEE888AFB
:10CC10001699032940D1F0EE4EAAA8F10C04002683
:10CC200094ED030AF0EE4CFA20EE0B0A40EE40FAC7
:10CC30002FEE000A2FEEAF1A00EE001AB1EEC10A75
:10CC4000B4EE400AF1EE10FA20D6B0EEEF1AB5EECF
:10CC5000400AF1EE10FA81EE001A31FE0E0A94ED50
:10CC6000041A81FE2B1A28EE000A80FE2B0A80EEA1
:10CC7000010A01F0A1FC20EE2D0A0136DBF80800C4
:10CC80000C34864240EE00AACAD3CFE0B0EE410A8F
:10CC900002F04CF9D9E700BFF0EE4EAA08F1040407
:10CCA00000270026002962D0022921D09DE000BF84
:10CCB0005F7089308FEE801AB5EE400AF1EE10FAFF
:10CCC00031FE0E0A94ED001A28EE000A80FE2B0AAF
:10CCD00080EE010A01F070FC20EE2D0A0136DBF82F
:10CCE000080040EE00AA01370C34874280F09E8095
:10CCF00094ED000AB4EE6B0AF1EE10FAF3DB14EDDA
:10CD0000010A20EE0B0A60EE00FA2FEE000A3CEE5C
:10CD10006F1A21EE011A00EE001AB1EEC10AB4EE4C
:10CD2000400AF1EE10FAC5D7B0EE410A02F0FEF863
:10CD3000C0E700BFB5EE400A8CEE000AF1EE10FA33
:10CD400094ED001A30FE0E0A28EE000A80FE2B0A2F
:10CD500080EE010A01F030FC20EE2D0A0136DBF8EE
:10CD6000080040EE00AA01370C3487425ED294EDF1
:10CD7000000AB4EE6B0AF1EE10FAF4DB14ED010ACE
:10CD8000B0EE4C1A20EE0B0A00EE401A2FEE000A0D
:10CD900021EE011A00EE001AB1EEC10AB4EE400A0B
:10CDA000F1EE10FAC6D7B0EE410A02F0BFF8C1E7C3
:10CDB0008FEE801AB5EE400AF1EE10FA31FE0E0A3F
:10CDC00094ED001A28EE000A80FE2B0A80EE010A7C
:10CDD00001F0F2FB20EE2D0A0136DBF8080040EEF0
:10CDE00000AA01370C34874220D294ED000AB4EE39
:10CDF0006B0AF1EE10FAF4DB14ED010AB0EE4C1AF6
:10CE000020EE0B0A00EE401A6FEE00FA21EE011A36
:10CE10000FEEAF1AB1EEC10AB4EE400AF1EE10FA0D
:10CE2000C6D7B0EE410A02F081F8C1E70C2EFFF43C
:10CE300017AD00EE106AB3EE08FA9DED141A169EB7
:10CE4000B8EE400A8AEE800ADFEDC6AAB4EE410AC7
:10CE5000F1EE10FABFF60AAD8DED140A8DED0F8AD2
:10CE6000CDED109A8DED119A00E500BF5357454561
:10CE7000505F5741524E3A2041444320636C6970E1
:10CE800070696E672040256C75487A0D0A000000B5
:10CE90009FEDEA0A9DED141AB4EE401AF1EE10FA75
:10CEA000BFF60EACDBF8080041F2E42A41F2B048CC
:10CEB00000289FEDE32AC2F2014AC2F201480D9F09
:10CEC00000F026849DED110A400820EE0B0A41F681
:10CED000602100EB40009DED101AC2F20141002ECE
:10CEE00080EE01CA01EB800020EE00DA91ED020A2B
:10CEF000D0ED008A00F0A480032E40F0358141F689
:10CF00006020B0EE409AB0EE4EFAF0EE4E9AF0EE9F
:10CF10004EEAF0EE4ECAC2F20140002400F11405C0
:10CF2000012600BF10EE100A19EE101A00F0FF40A3
:10CF3000B0F1FF4F01F0FF4040D1B0F1FF4F0EFEC6
:10CF4000099A15ED040AB4EE6B0AF1EE10FA2ADB29
:10CF500015ED050AF0EE4D0A20EE0B1ADFEDB9AA29
:10CF600030EE688A41EE410A2CEE010AF5EE400AE5
:10CF7000F1EE10FA2EFE2AAA01F0C8F820EE2A0AD5
:10CF80009FEDB11A48EE08EADFED76AA3FEE08FA07
:10CF9000013480EE010A30EE4A0A39EE000A48EE0A
:10CFA00000CA79EE809ADBF80800864280F08A8118
:10CFB00095ED000A0C350136B4E700BFB0F1FF4F24
:10CFC0000AD1B0EE409A15ED040AB4EE6B0AF1EE08
:10CFD00010FABDDAE7E700BF9FED9C8AF0EE480A41
:10CFE00001F092FAB0EE40AAB0EE490AF0EE480A1B
:10CFF00001F08AFA3AEE400AF0EE480A01F084FAAB
:10D000009FED901AB4EE410A9FED911A30EE011A8D
:10D01000F1EE10FA31FE000A9FED8E1AB4EE401ABE
:10D0200030EE081AF1EE10FA31FE000A39EE009ADD
:10D0300015ED040AB4EE6B0AF1EE10FAB3DB87E7E4
:10D04000B0EE409AB0EE4EFAF0EE4E9AF0EE4EEAA6
:10D05000F0EE4ECA01F114050024012610EE100A6C
:10D0600019EE101A00F0FF40B0F1FF4F01F0FF4041
:10D0700036D1B0F1FF4F0EFE099A15ED040AB4EE59
:10D080006B0AF1EE10FA20DB15ED050AF0EE4D0A01
:10D0900020EE0B1A30EE688A41EE410A2CEE010AAE
:10D0A00001F034F89FED671A48EE08EA20EE010A15
:10D0B0009FED651A3FEE08FA013480EE010A39EE61
:10D0C000000A48EE00CA79EE809ADBF80800864232
:10D0D00080F0F88095ED000A0C350136BEE700BF00
:10D0E000B0F1FF4F0AD1B0EE409A15ED040AB4EE4C
:10D0F0006B0AF1EE10FAC7DAE7E700BF9FED538A3B
:10D10000F0EE480A01F000FAB0EE40AAB0EE490A8B
:10D11000F0EE480A01F0F8F93AEE400AF0EE480A5B
:10D1200001F0F2F99FED471AB4EE410A9FED481A5B
:10D1300030EE011AF1EE10FA31FE000A9FED451AA9
:10D14000B4EE401A30EE081AF1EE10FA31FE000A81
:10D1500039EE009A15ED040AB4EE6B0AF1EE10FAFE
:10D16000B3DB91E700007A440FF6A450022E08BF0B
:10D170000430B0EE409AB0EE4EFA90ED008A41F6DF
:10D180006020F0EE4E9AF0EE4EEAF0EE4ECAC2F299
:10D19000014000F114050024012600BF10EE100A22
:10D1A00019EE101A00F0FF40B0F1FF4F01F0FF4000
:10D1B00036D1B0F1FF4F0EFE099A15ED040AB4EE18
:10D1C0006B0AF1EE10FA22DB15ED050AF0EE4D0ABE
:10D1D00020EE0B1A30EE68AA41EE410A2CEE010A4D
:10D1E00000F094FF9FED171A4AEE0AEA20EE010ABA
:10D1F0009FED151A3FEE0AFA013480EE010A30EE77
:10D20000480A39EE000A4AEE00CA79EE809ADBF845
:10D210000800864256D295ED000A0C350136BDE76E
:10D22000B0F1FF4F18D1B0EE409A15ED040AB4EEFC
:10D230006B0AF1EE10FAC7DAE9E700BFE6B1617FE9
:10D240009EC97F7F00003443DB0F49400000B44398
:10D250000000B4C3000034C35FED04AAF0EE6A0A14
:10D2600001F052F9B0EE40AAB0EE490AF0EE6A0AB7
:10D2700001F04AF93AEE400AF0EE6A0A01F044F988
:10D280001FED101AB4EE410A1FED0F1A30EE011A0D
:10D29000F1EE10FA31FE000A1FED121AB4EE401A38
:10D2A00030EE2A1A5FED51AAF1EE10FA31FE000AB3
:10D2B00039EE009A15ED040AB4EE6B0AF1EE10FA9D
:10D2C000A5DB81E7032C1FED222A169E9FEDE34A82
:10D2D0009FEDE35A9FEDE36AC0F01A8200EE104A18
:10D2E0009FEDE13AB8EE400A2EEE801A0FEE4F1A8B
:10D2F000B0EEC12AB4EE432A1FED2F2AF1EE10FA48
:10D3000040F30682002800F0B3802CEE802A41F61C
:10D310006020C2F20140002E09EECF2A82EE018A7F
:10D320004FEE489A89EE80FA90ED020A00F0A48050
:10D33000032E40F03D8141F66020B0EE409AF0EEC1
:10D340004E9AC2F2014000F114050024012600BFEC
:10D3500010EE100A19EE101A00F0FF40B0F1FF4F66
:10D3600001F0FF4040D1B0F1FF4F0EFE099A15EDDC
:10D37000040AB4EE6B0AF1EE10FA2ADB15ED050A89
:10D38000F0EE4D0A20EE0B1A5FED52CA38EEC0AA3D
:10D3900041EE410A2CEE010AF5EE400AF1EE10FAD8
:10D3A0006EFE2CAA00F0B2FE20EE2C0A1FED5A1AD7
:10D3B000013480EE010AB0EE4F1A30EE6A0A5FEDDA
:10D3C00097AA18EE0A1A39EE000A30EE010A40EE6A
:10D3D000009ADBF80800864280F0E28095ED000AB2
:10D3E0000C350136B4E700BFB0F1FF4F0AD1B0EE03
:10D3F000409A15ED040AB4EE6B0AF1EE10FABDDAAC
:10D40000E7E700BF5FED6FAAF0EE6A0A01F07CF873
:10D41000B0EE40AAB0EE490AF0EE6A0A01F074F8E4
:10D420003AEE400AF0EE6A0A01F06EF81FED7B1A40
:10D43000B4EE410A1FED7A1A30EE011AF1EE10FA3D
:10D4400031FE000A1FED7D1AB4EE401A30EE2A1AA2
:10D450005FEDBCAAF1EE10FA31FE000A39EE009A37
:10D4600015ED040AB4EE6B0AF1EE10FAB1DB85E7B4
:10D47000F0EE4E9A002444E1B0EE409AF0EE4E9A5F
:10D4800000F114050024012610EE100A19EE101AFE
:10D4900000F0FF40B0F1FF4F01F0FF4034D1B0F198
:10D4A000FF4F0EFE099A15ED040AB4EE6B0AF1EE79
:10D4B00010FA20DB15ED050AF0EE4D0A20EE0B1AEE
:10D4C00038EEC0AA41EE410A2CEE010A00F01EFE21
:10D4D0001FEDA41A013420EE010AB0EE4F1A1FED21
:10D4E000A62A18EE0A1A80EE020A39EE000A30EE79
:10D4F000010A40EE009ADBF80800864250D295ED12
:10D50000000A0C350136BFE7B0F1FF4F12D1B0EE83
:10D51000409A15ED040AB4EE6B0AF1EE10FAC9DA7E
:10D52000E9E700BF8FC2F53D3333B33ECDCC4C3E6F
:10D53000CDCC0C3F5FEDBBAAF0EE6A0A00F0E4FF31
:10D54000B0EE40AAB0EE490AF0EE6A0A00F0DCFF45
:10D550003AEE400AF0EE6A0A00F0D6FF1FEDC71A55
:10D56000B4EE410A1FEDC61A30EE011AF1EE10FAC0
:10D5700031FE000A1FEDC91AB4EE401A30EE2A1A25
:10D58000DFEDDAAAF1EE10FA31FE000A39EE009A68
:10D5900015ED040AB4EE6B0AF1EE10FAABDB89E785
:10D5A000169E9FED2E4A9FED2E5A9FED2E6AA8E003
:10D5B0000FF65C10022E08BF0430B0EE409AF0EE79
:10D5C0004E9AD0ED00AA41F66020C2F2014000243C
:10D5D00000F11405012600BF10EE100A19EE101A12
:10D5E00000F0FF40B0F1FF4F01F0FF403ED1B0F13D
:10D5F000FF4F0EFE099A15ED040AB4EE6B0AF1EE28
:10D6000010FA22DB15ED050AF0EE4D0A20EE0B1A9A
:10D6100038EEC0AA41EE410A2CEE010A00F076FD78
:10D620009FEDB31A013420EE010A9FEDB21A80EE8D
:10D63000010AB0EE4F1A18EE0A1A30EE6A0A39EEF5
:10D64000000A30EE010A40EE009ADBF8080086423C
:10D650004ED295ED000A0C350136BDE70000C842F8
:10D66000359944475E479D45CCBC8C2BB0F1FF4FAC
:10D670000AD1B0EE409A15ED040AB4EE6B0AF1EE51
:10D6800010FABFDAE1E700BFDFEDEACAF0EE6C0A9C
:10D6900000F03AFFB0EE40AAB0EE490AF0EE6C0A94
:10D6A00000F032FF3AEE400AF0EE6C0A00F02CFF78
:10D6B0009FED8F1AB4EE410A9FEDDF1A30EE011A8A
:10D6C000F1EE10FA31FE000A9FEDF21AB4EE401AA4
:10D6D00030EE2C1AF1EE10FA31FE000A39EE009A03
:10D6E00015ED040AB4EE6B0AF1EE10FAADDB89E732
:10D6F000169E1FED264A1FED265A1FED266ADFED06
:10D700007BAA00EE104AB8EE400A89EE802A00BFDC
:10D710009DED143A9FEDE08AB0EE430A9FEDDF1ACB
:10D72000B4EE421AB3EE08FAF1EE10FA02EE080A6D
:10D730009DED0A1A30FE030AB4EE410A9DED0C1A63
:10D74000F1EE10FABEF6C7AF37468DED0A0A9DED31
:10D750000F0A8DED070A9DED100A8DED080A9DED6B
:10D76000110A8DED090AFEF7B6BF00BF0FF28470F3
:10D77000C6E000BF9FEDCA0A9DED0A1AB4EE401A3A
:10D78000F1EE10FA80F2B8809DED094ADBF808004E
:10D7900024EE0B0A002800F03F81400841F660218A
:10D7A0009DED081AC2F2014100EB400080EE01CA73
:10D7B00020EE008A002F01EB800091ED020A90ED2F
:10D7C00000DA00F03B81032F40F0CA819FEDB5EAFB
:10D7D00041F66020B0EE409AF0EE4E8AF0EE4EAA8E
:10D7E000B0EE4EFAF0EE4E9AC2F2014000F114058E
:10D7F00000240126DFED3EDA10EE100A19EE101AB1
:10D8000000F0FF40B0F1FF4F01F0FF4004D1B0F154
:10D81000FF4F0EFE099A31E0B0F1FF4F02D1B0EE9A
:10D82000409A2BE0DFED83CAF0EE6C0A00F06CFE4C
:10D83000B0EE40AAB0EE490AF0EE6C0A00F064FEC9
:10D840003AEE400AF0EE6C0A00F05EFE9FED281AF8
:10D85000B4EE410A9FED781A30EE011AF1EE10FA9B
:10D8600031FE000A9FED8B1AB4EE401A30EE2C1AEE
:10D87000F1EE10FA31FE000A39EE009A15ED040AB5
:10D88000B4EE6B0AF1EE10FA26DB15ED050AF0EEA8
:10D89000480A20EE0B1A30EE4DAA41EE410A2CEE5A
:10D8A000010AF5EE400AF1EE10FA6EFE2DCA00F004
:10D8B0002DFC20EE2D0A9FED0F1A4AEE0AAA013424
:10D8C00079EE8A9A80EE010A30EE6C0A39EE000A8F
:10D8D0004AEE008A3FEE00FADBF80800864280F04C
:10D8E000CF8195ED000A0C35013685E700007A44BA
:10D8F00000003443DB0F49404FF6B440C0F600004F
:10D90000FBF7B2FA5046F5F7EFF94046F5F7ECF9B8
:10D910004FF48070CAF81C00C8F81C004FF4403067
:10D92000C8F8200050460024CAF82040F5F7C4FF8C
:10D930004046F5F7C1FF41F2D43141F23842C2F21C
:10D940000141C2F201420320CAF83810C1E90B04B8
:10D95000D0620868C1F84CA041F29423C2F84C8010
:10D96000C2F20143C8F838201463C16841F00301D2
:10D97000C160C16821F48051C16010680FF2B452D7
:10D98000C16841F00301C160C16821F48051C160E8
:10D99000279818641F9818622098586221989862F6
:10D9A0002298D8622398186324985863259898631E
:10D9B0002698D86317981860189858601998986036
:10D9C0001A98D8601B9818611D9898611C98586126
:10D9D0001E98D8610FF264510B9F9869002F18BFF1
:10D9E000114603288BF8007006D84FF6AC32C0F60B
:10D9F000000252F8202003E04FF6C152C0F60002A8
:10DA00004FF6E840C0F60000FBF72EFA28B0BDEC58
:10DA1000108B01B0BDE8F08F9DED086A20EE008A02
:10DA200080EE06CA9FED1F0AB0EE401A9DED075A20
:10DA30004CE100BF0000B4430000B4C39FED19EAFD
:10DA400041F66020B0EE409AF0EE4E8AF0EE4EAA1B
:10DA5000B0EE4EFAF0EE4E9AC2F2014000F114051B
:10DA6000002401265FED0DCA10EE100A19EE101AFF
:10DA700000F0FF40B0F1FF4F01F0FF4004D1B0F1E2
:10DA8000FF4F0EFE099A39E0B0F1FF4F0CD1B0EE16
:10DA9000409A33E0000034C30AD7233C528EB47D51
:10DAA000E6B1617F00000000F0EE6C0A00F02CFD92
:10DAB000B0EE40AAB0EE490AF0EE6C0A00F024FD88
:10DAC0003AEE400AF0EE6C0A00F01EFD1FED781AE7
:10DAD000B4EE410A1FED281A30EE011AF1EE10FAE9
:10DAE00031FE000A1FED151AB4EE401A30EE2C1A62
:10DAF000F1EE10FA31FE000A39EE009A15ED040A33
:10DB0000B4EE6B0AF1EE10FA20DB15ED050AF0EE2B
:10DB1000480A20EE0B1A30EE4DAA41EE410A2CEED7
:10DB2000010A00F0F3FA9FEDF11A4AEE0AAA20EE7C
:10DB3000010A9FEDEF1A79EE8A9A013480EE010A0C
:10DB400039EE000A4AEE008A3FEE00FADBF80800E0
:10DB5000864280F0958095ED000A0C35013683E70A
:10DB6000EBA0022F08BF0430DFEDDFCAB0EE409A11
:10DB700090ED00EA41F66020F0EE6C8AF0EE6CAABF
:10DB8000B0EE6CFAF0EE6C9AC2F20140002400F1A3
:10DB900014050126DFEDE0DA10EE100A19EE101A76
:10DBA00000F0FF40B0F1FF4F01F0FF4004D1B0F1B1
:10DBB000FF4F0CFE899A2FE0B0F1FF4F02D1B0EE7B
:10DBC000409A29E0F0EE6D0A00F09EFCB0EE40AA0B
:10DBD000B0EE490AF0EE6D0A00F096FC3AEE400A0B
:10DBE000F0EE6D0A00F090FC9FEDC01AB4EE410A11
:10DBF0009FEDCA1A30EE011AF1EE10FA31FE000A5A
:10DC00009FEDC71AB4EE401A30EE2D1AF1EE10FA5D
:10DC100031FE000A39EE009A15ED040AB4EE6B0AE3
:10DC2000F1EE10FA22DB15ED050AF0EE480A20EEBF
:10DC30000B1A30EE4DAA41EE410A2CEE010A00F01B
:10DC400065FA9FEDAA1A4AEE0AAA20EE010A9FED94
:10DC5000A81A79EE8A9A013480EE010A30EE4E0A53
:10DC600039EE000A4AEE008A3FEE00FADBF80800BF
:10DC7000864205D295ED000A0C3501368CE700BFCF
:10DC8000012C9FED990A9DED094A9DED086A9DEDD5
:10DC9000075A19D901EE104AB8EE411A2AEE812A24
:10DCA00009EEE92AB5EE402AF1EE10FA0CD028EE82
:10DCB000810A09EECF0A80EE020A09EEC0FA8FEE61
:10DCC000011A0DEE401A01E0B0EE401A41F2942123
:10DCD00027F00100C2F20141022825EE0C2A41F290
:10DCE000942081ED101A9FED801A05FE013A012F54
:10DCF00081ED0DCAC2F2014002FE012A81ED0A3A0D
:10DD000081ED0B2A9FED852A80EE020A9FED852A80
:10DD10008F61032F81ED074A20EE020A81ED086A28
:10DD200081ED095A81ED0E8A81ED0F0A14BF002F93
:10DD300025EE081A032F80ED0C1A07D84FF6AC30E9
:10DD4000C0F6000050F8271004E000BF4FF6C151A4
:10DD5000C0F60001B7EEC41A4FF60950B7EEC62A56
:10DD6000C0F60000B7EEC53A53EC112BB7EEC00A6F
:10DD70008DED002B8DED023B8DED040BFBF774F860
:10DD800041F294209FED684AC2F201409FED673A4C
:10DD90009FED5E6A90ED0D0A90ED0E1A20EE042ABA
:10DDA00032EE030A31EE000AB0EEC05AB4EE465A23
:10DDB000F1EE10FAFFF6A6AD41F2942633EE422AB8
:10DDC000C2F201465046012496ED0A5A96ED0B6ABE
:10DDD00025EE037AD6ED0C0A26EE044A347535EEAC
:10DDE000055A70EEA01A37EE446A37EE044A45EE43
:10DDF000431A31EE013A30EE844A31EE021A9FEDB9
:10DE00004C2A30EE866A33EE022A84EE003A81EE26
:10DE1000804A86ED003A86EE003A86ED014A82EEAF
:10DE2000002A86ED023A81EE000A86ED032A86ED8D
:10DE3000040AF4F759FF4046F4F756FF4FF4807098
:10DE4000CAF81C00C8F81C004FF44030C8F8200085
:10DE500050460025CAF82050F5F72EFD4046F5F74C
:10DE60002BFD41F2D43141F23842C2F20141C2F2FB
:10DE700001420320CAF83810C1E90B05D0620868D6
:10DE8000C1F84CA0C2F84C80C8F838201563C168AE
:10DE900041F00301C160C16821F48051C160106884
:10DEA000C16841F00301C160C16821F48051C160C3
:10DEB000B0698BF80040042806D24FF6AC31C0F6AA
:10DEC000000151F8201003E04FF6C151C0F60001E7
:10DED0004FF6D040C0F60000FAF7C6FF28B0BDEC00
:10DEE000108B01B0BDE8F08F00000000000034434B
:10DEF000DB0F49404649545F4552524F523A206227
:10DF0000616420646174610D0A0000005F708930F3
:10DF10000000B442000034430000B4430000B4C326
:10DF2000000034C300247449001B374A9DF7025592
:10DF30009DF782D54C4541524E45440044454641EB
:10DF4000554C540000000000B0B541F200040546F5
:10DF5000C5F60204C20920212046F6F7DDFA0421A5
:10DF600001222046F6F7D8FA042100222046F6F7CF
:10DF7000D3FAC5F3801220212046F6F7CDFA04210A
:10DF800001222046F6F7C8FA042100222046F6F7BF
:10DF9000C3FAC5F3401220212046F6F7BDFA04214A
:10DFA00001222046F6F7B8FA042100222046F6F7AF
:10DFB000B3FAC5F3001220212046F6F7ADFA04218A
:10DFC00001222046F6F7A8FA042100222046F6F79F
:10DFD000A3FAC5F3C00220212046F6F79DFA0421DA
:10DFE00001222046F6F798FA042100222046F6F78F
:10DFF00093FAC5F3800220212046F6F78DFA04211A
:10E0000001222046F6F788FA042100222046F6F77E
:10E0100083FAC5F3400220212046F6F77DFA042159
:10E0200001222046F6F778FA042100222046F6F76E
:10E0300073FA05F0010220212046F6F76DFA04215B
:10E0400001222046F6F768FA042100222046BDE8A6
:10E05000B040F6F761BA00000FB47CB50C0009AD12
:10E0600001D0611E00E00021CDE90001064B6A46A7
:10E070002946089801F022F9002C02D0009A0021CC
:10E0800011707CBC5DF814FBEBF900087CB50C004A
:10E090001D461646014601D0601E00E00020CDE975
:10E0A0000010064B6A462946304601F007F9002C5D
:10E0B00002D0009A002111707CBD0000EBF900082D
:10E0C00037B514460846064B6A46214601F0F6F875
:10E0D00004466946002001F093FC20463EBD000046
:10E0E00001FA00084100080218BF04200A0E18BFF8
:10E0F00040F001004FF07F4232EA010108BF40F0DA
:10E100000200012808BF05207047000070B54FF0DD
:10E1100068422DED048BF0EE408A18EE900AB0EEC6
:10E12000608A18EE101A02EB4003B3F1654F3CBF52
:10E1300002EB4102B2F1654F7DD200BFC0F3C7537D
:10E14000C1F3C7529A1A1B2A09DD10F0004F14BF01
:10E150009FED830A9FED830ABDEC048B70BD12F125
:10E160001A0F36DA11F0004F09D010F0004F0CBF33
:10E170009FED7D0A9FED7D0ABDEC048B70BD88EE9E
:10E18000889A19EE100AFFF7ADFF042808BF00F0C7
:10E190000BFF18EE900AFFF7A5FF054618EE100AD0
:10E1A000FFF7A0FF044619EE100AFFF79BFF042DAE
:10E1B00018BF052D08D1042C18BF052C04D1002848
:10E1C00004BF022000F0B2FFB0EE490ABDEC048BA0
:10E1D00070BD4200B2EB410F3AD910F0004F19BFA9
:10E1E000DFED630A9FED630ADFED630A9FED630ACB
:10E1F000B0EE481A0A46B1EE688A80F00041F0EEAF
:10E20000418A10460A1A5200B2F1807F34D2484047
:10E2100010F0004FDFED5A1A9FED5A2A1DBFBEEED7
:10E22000001A70EEE10A30EE420AB6EE001A08BF9C
:10E2300070EEA10A00E040E008BF30EE020AB0EE46
:10E24000682A01EE482A08EE818AC2EE081A15E013
:10E2500011F0004F04BF9FED4C0AF0EE400AD1D000
:10E2600010F0004F19BFDFED490A9FED490ADFEDBD
:10E27000490A9FED490AC5E7C8EE881A21EEA11A9E
:10E280009FED462ADFED462A41EE022A9FED452A00
:10E2900001EE222ADFED442A41EE022A9FED432AB5
:10E2A000BDEC048B01EE222A21EE811A01EE020A56
:10E2B00030EE210A30EE200A70BD4FF07F42B2EB03
:10E2C000400F28BFB2EB410F09D2F0EE480AB0EE82
:10E2D000680ABDEC048BBDE8704000F052BE40EA15
:10E2E00001035B0008BF41F0FF410BD0B2EB400FD0
:10E2F00008BFB2EB410F08D120F0804008EE900A31
:10E3000021F0804108EE101A18E7B2EB400F12BF5F
:10E310005FEA410340F0FF4001F000413FF40EAFDF
:10E32000B2EB410F12BF5FEA400200F0004041F043
:10E33000FF413FF403AF4A0092EA40033FF5FEAECF
:10E34000002AACBF9FED1A0A9FED1A0A68EE808A78
:10E3500028EE008A18EE900A18EE101AEEE6000079
:10E36000DB0FC9BFDB0FC93FDB0F4940DB0F49C0E3
:10E370000000C9BF22AAFDB90000C93F22AAFD3989
:10E380000060ED3EC30ACE3700000000000049C027
:10E3900022AA7DBA0000494022AA7D3A2DAD65BD72
:10E3A0008FB8D53D0FB511BE61C84C3EA8AAAABE14
:10E3B0000000804F0000802F10EE101A08B5444A6C
:10E3C0006846B2EB410F28D94FF0E640B0EB410F61
:10E3D00094BF00204FF0FF3000900098002861DBD0
:10E3E00060EE000A10F0010F45D010F0020FDFEDD3
:10E3F000391A9FED391A00EEA11ADFED381A40EEF6
:10E40000811A21EEA01AF0EE400A40EE010A08BF80
:10E41000F1EE600AB0EE600A08BD314B21F0004217
:10E4200093423CD911F0004FDFED2E0A20EE201A66
:10E43000DFED2D0A19BF31EE601A71EE200A31EEC0
:10E44000201A71EE600ABDEEE01A11EE100A9FED7F
:10E45000271A00F0030000EEC10A9FED251A009074
:10E4600000EEC10A9FED231A00EEC10A9FED221AA9
:10E4700000EEC10AB1E79FED211A9FED210A10F0CD
:10E48000020F00EE810A9FED1F1A00EE801AB7EE10
:10E49000000A00EE810A18BFB1EE400A08BD00F084
:10E4A0008BFD9AE710EE100A4000B0F17F4F3CBFA1
:10E4B000B7EE000A08BD07D14FF0010000F036FEAC
:10E4C000BDE8084000F060BDBDE8084000F056BD62
:10E4D000B61F927E336D4CB9DA82083CA0AA2ABEE0
:10E4E000490E494683F9223F0000004B0000C93F16
:10E4F00000A0FD390020A2331A61342CB93AB2BA17
:10E50000CA9F2A3DDDFFFFBE10B52DED028BF0EE58
:10E51000408A18EE900AB0EE608A20F00040C0F108
:10E52000FF40C00F07D118EE100A20F00040C0F1E4
:10E53000FF40C00F2BD018EE101A18EE900AF1F71A
:10E540008EFF00EE100A10EE100A6FEAD05010F0A5
:10E55000FF0F04BFBDEC028B10BD18EE900A00F057
:10E56000004110EE100A00F00040814204BFBDECF3
:10E57000028B10BD18EE101A10EE100ABDEC028BC3
:10E5800061F31E0000EE900A30EE600A10BD18EE36
:10E59000900A4FF07F41B1EB400F1CBF18EE100AFC
:10E5A0005FEA4000C7D1012000F0C0FDBDEC028B46
:10E5B000BDE8104000F0E8BC10EE100A10B5A0F560
:10E5C00000014FF0000CB1F1FE4F6CD200F50021BC
:10E5D0006FF07E0202EBE153C1F302524FF07E5125
:10E5E00001EB025100EE901AA0EBC3500CEB0301BB
:10E5F00000EE100A51EA020036D030EE601A30EE1A
:10E60000200AC1EE000A20EEA00A60EE801A9FEDFB
:10E610003D2A9FED3D1A3D48DFED3F2A00EE021AEC
:10E62000784400EB82009FED3A2A21EE810A01EE48
:10E63000101AD0ED001A3748B8EEC11A784400EB32
:10E64000820041EE021A01EE101A90ED002AB8EE97
:10E65000C11A01EE222A9FED311A32EE000A00EEB5
:10E66000810A31EE800A10BDF7EE000A9FED2D1AE7
:10E6700070EE600A9FED2A0A00EE801A9FED2A0ACA
:10E6800060EEA01A00EE810A9FED281A00EE801AB3
:10E6900021EE810A9FED261A00EE810AB5EE0B1AD3
:10E6A00000EE810A10BD4FF07F41B1EB400F03D265
:10E6B000BDE8104000F062BCB0F1FF4F08BF10BDD4
:10E6C000B5EEC00AF1EE10FA06D2012000F02EFDE0
:10E6D000BDE8104000F058BCB5EEC00AF1EE10FAEB
:10E6E00007D1022000F022FD00F03EFCB1EE400A0E
:10E6F00010BDDFED100A6FF0160C20EE200A10EEB0
:10E70000100A63E7DE02323E3B3D943EE813000010
:10E7100000209A3EEC130000FC849A36D95B5E3FE1
:10E72000924FA93D7279DEBD2D3E143ED85B5EBE90
:10E73000157B4B3C0000004B10B510EE100A2DED80
:10E74000068BB7EE001A10EE901AB0EE418A002246
:10E75000A0F5000CDFEDFE9A4FF00073BCF1FE4F08
:10E760004FF07F4403EB410C80F0B481BCF1804F4B
:10E77000C0F02082F74901449FEDF73AB1F5005F00
:10E7800040F2D48200F58021CB0C03F00F0101EEA2
:10E79000901AC3F307137F3BA0EBC350B8EEE12AF6
:10E7A00000EE100A1A44DFEDED2AF0EE411A42EEB7
:10E7B000221AF0EE613A70EE232A30EE632A12EE4E
:10E7C000900A00F500606FF30B0001EE900A73EE03
:10E7D000E13A33EE804AC1EE223A22EE230A10EEED
:10E7E000100A00F500606FF30B0000EE100A00EE57
:10E7F000612A00EE442A62EE232A70EE221A21EEEC
:10E80000A12ADFEDD73A02EE233A23EE023A20EEB8
:10E81000012A22EE811A03EE211A32EE010A10EECD
:10E82000100A00F500606FF30B0000EE100A72EEA4
:10E83000401A31EE812A9FEDCB1A60EE011A9FED4E
:10E84000CA1A20EE011A9FEDC90A02EE001A31EE33
:10E85000810A10EE100A00F500606FF30B0000EE65
:10E86000100AC34871EEC01A31EE812A784400EBD9
:10E87000C10090ED003AD0ED011A100101EE100A2E
:10E88000F8EEC12A32EE211A31EE001A31EE031AE7
:10E8900031EE221A11EE100A00F500606FF30B0042
:10E8A00009EE100A39EE621A31EE431A31EE400ACF
:10E8B00030EE610A32EE40AA10EE900A002100F517
:10E8C00000606FF30B0008EE900A084670EEE8AAAD
:10E8D000F1F7A6FF29EE280A00F00C01F0EEC00ABD
:10E8E00010EE900AB0F18B4F0DDD10EE900AB4EBF4
:10E8F000400F08D310EE100A4FF08B4262F31E0057
:10E9000008EE900A13E069EE2A0A38EEAA1A4AEED7
:10E91000010A30EE201A11EE100A00F500606FF3C4
:10E920000B0008EE900A30EE680A70EE209A0C2078
:10E93000F1F776FF38EEA90AB5EEC00AF1EE10FA4B
:10E9400034BFFEEE000AF6EE000A30EE800ABDEE9D
:10E95000C00A10EE100A011100EE101AF8EEC00AFB
:10E9600000EE100AB8EEC00A38EEC00A30EE290AEE
:10E97000DFED801A9FED801A00EE211ADFED7F1A7D
:10E980007F4900F00F0040EE011A21EE800A794421
:10E9900001EB800191ED001A7A49794401EB800185
:10E9A000D1ED001A784901EE801A794401EB80001C
:10E9B000764990ED000A31EE001AB0EEE00A10EE52
:10E9C000100A884215DA10EE100AB4EB400F10D38B
:10E9D0009FED6F0A30EE800ADFED6E0A20EE200A0E
:10E9E00068EE010ABDEC068BBCEEC00A20EE200AE0
:10E9F00010BD10EE100A6849884243DA10EE100A82
:10EA0000B4EB400F3ED3BDEEE00A68EE010A10EE13
:10EA1000100A00EBD0725110C90501F17E5100EED1
:10EA2000101AA0EB6200C00560EE200A00F17E50D3
:10EA300000EE100A60EE808A18EE900AB4EB400FE8
:10EA40000FD1022000F072FB00F0A6FA10EE101AAF
:10EA500018EE100ABDEC068B61F31E0000EE100AE2
:10EA600010BD18EE900A400011D018EE900AFFF782
:10EA700039FB042808BF00F097FAB0EE680ABDEC35
:10EA8000068B10BDF5EEC00AF1EE10FA0FD202208F
:10EA900000F04CFB00F088FA10EE101A18EE100A85
:10EAA000BDEC068B61F31E0000EE100A10BD0220C3
:10EAB00000F03CFB00F070FA10EE101AB0EE480ABD
:10EAC00010EE100ABDEC068B61F31E0000EE100A7A
:10EAD00010BD00BFBCF1804F6CD300BF00F1FF43FD
:10EAE000B3F1FE4F24D200BFB0EEC00A10EE100A00
:10EAF000C1F3C7537F2B0DDB972BBFF63BAEC3F1A2
:10EB000096034FF0010C0CFA03F3A3F1010C1CEA7D
:10EB1000010F08D0012000F009FBBDEC068BBDE819
:10EB2000104000F031BA0B4218BFBFEE008A21E658
:10EB300043001CBF4FF08073B3EB400F34D96FF02C
:10EB40001A02DFED161A20EE210A10EE100A27E055
:10EB500000000000001080C0ABAAAA3E0000803D6B
:10EB60007EE24C3E00B03842D49AB8BB3BAA384251
:10EB7000DC110000FC596337C9FF753A1872313D4A
:10EB80007A110000AE1100001E1100000000FC42CE
:10EB90000000FE420000004B000040430000004D1A
:10EBA00010F0004FA0D1E5E5A0F50003B3F1FE4F52
:10EBB00021D2DFE503EB4103B3F1007F11D3F5EE82
:10EBC000C00AF1EE10FA05D1430018BFB4EB400FB4
:10EBD00076D883E701F0004141F0FC5100EE901A35
:10EBE0007CE7B3F1807F06D210EE903AA3F50003E4
:10EBF00000EE903A72E720F000426FF0FF4C604C5C
:10EC000002EB0C03A34210D321F000439C44A44523
:10EC10000BD3B0F17E5F18BF5FEA410C50D0B2F168
:10EC2000FF4F98BFB3F1FF4F05D9BDEC068BBDE890
:10EC3000104000F0A6B9B0F1FF4F0FD0C1F3C7529A
:10EC40007F2A09DB972A11DAC2F19602012303FA1F
:10EC500002F2531E0B4205D0002208E011F0004FD3
:10EC600055D128E00A4218BF012200D1022210F536
:10EC7000000F13D028B3B0F1004F26D010F1814F10
:10EC80004FD04FF0FE42B2EB400F94BF0120002066
:10EC9000012202EBE171884239D10CE011F0004F02
:10ECA00002D0012A38D032E0012A02BF9FED350A96
:10ECB000BDEC068B10BD9FED340ABDEC068B10BD7C
:10ECC0002FE011F0004F0CD121E0B1F1FF4F1ED029
:10ECD00011F5000F05D011F0004F15D00AB1012A2F
:10ECE00008D0022000F022FABDEC068BBDE81040EF
:10ECF00000F03AB9022000F019FA00F035F9BDEC45
:10ED0000068BB1EE400A10BD0AB1012A04D0B0EE64
:10ED1000690ABDEC068B10BDBDEC068B9FED1B0A8E
:10ED200010BDBDEC068BB7EE000A10BD30EE410AF7
:10ED3000B5EE001A9FED172A00EE413AB6EE001A22
:10ED400060EE001A00EE431A61EEC11A9FED101A30
:10ED500020EE011A20EE020A9FED0F2A01EE820A30
:10ED600071EE001A11EE900A00F500606FF30B00CF
:10ED700009EE100A31EE491A31EE00AA9CE50000B6
:10ED8000FFFF3F00000080FF0000807F0000008048
:10ED900000B0B841D49A38BB3BAAB84100B510EED8
:10EDA000101A2DED028B81B0524A6846B2EB410F2A
:10EDB0002ED94FF0E640B0EB410F94BF00204FF04A
:10EDC000FF3000900098B0EE408A00286ADB10F017
:10EDD000010F4BD068EE080A9FED471A9FED470AD6
:10EDE00000EE810A9FED461A10F0020F00EE801A25
:10EDF000B7EE000A00EE810A02BF01B0BDEC028B43
:10EE000000BD00BF01B0B1EE400ABDEC028B00BDF9
:10EE10003C4B21F00042934241D911F0004FDFED0D
:10EE20003A0A20EE201ADFED390A19BF31EE601AD6
:10EE300071EE200A31EE201A71EE600ABDEEE01A82
:10EE400011EE100A9FED321A00F0030000EEC10A25
:10EE50009FED301A009000EEC10A9FED2F1A00EED0
:10EE6000C10A9FED2E1A00EEC10AABE728EE080A90
:10EE70009FED2B1ADFED2B0A10F0020F40EE010A76
:10EE80009FED291A00EE201A61EE000AB0EE480A42
:10EE900008EE200AB6D101B0BDEC028B00BD00F037
:10EEA0008BF88FE718EE100A4000B0F17F4F0DD2BB
:10EEB00018EE100AFFF716F9042808BF00F074F8DE
:10EEC000B0EE480A01B0BDEC028B00BD09D10120B3
:10EED00000F02CF901B0BDEC028B5DF804EB00F002
:10EEE00053B801B0B0EE480ABDEC028B5DF804EBFC
:10EEF00000F044B8B61F927EB93AB2BACA9F2A3D12
:10EF0000DDFFFFBE490E494683F9223F0000004B5A
:10EF10000000C93F00A0FD390020A2331A61342C43
:10EF2000336D4CB9DA82083CA0AA2ABE10B52DED8B
:10EF3000028BB1EEC08A18EE100A20F00040C0F13A
:10EF4000FF40C00F0AD010EE100A20F00040C0F1C0
:10EF5000FF40C00F04BF012000F0E8F8B0EE480AFF
:10EF6000BDEC028B10BD0000DFED030AB7EE001A06
:10EF700081EE200A704700000000000030EE000A19
:10EF8000704730EE200A7047DFED020A80EEA00ADB
:10EF900070470000000000009FED020A20EE000A0A
:10EFA00070470000000000709FED020A20EE000A8A
:10EFB00070470000000000102DE9F0014FF07F4283
:10EFC000B2EB410F9FBF4FF0FF310160BDE8F00190
:10EFD00070474FF0004242EA0123C1F3C752783A2A
:10EFE000551112F01F0C434CCCF120067C44C1F3A8
:10EFF000C752A2F178024FEA621204EB820254F87F
:10F00000254008BFD2E9015612D0556804FA0CF425
:10F0100025FA06F73C43976805FA0CF527FA06F837
:10F02000D26807FA0CFCF24045EA08054CEA0206F1
:10F03000A4FB034CA5FB0352A6FB03631D449D42A6
:10F0400034BF012600261319334416B1934202D966
:10F0500003E0934201D2012200E00022624402F167
:10F06000200C9206DC0C42EA443200EE102A5B03CC
:10F07000DFED210AF8EEC01A00EE103A4FEA9C1CB0
:10F0800011F0004FB8EE400AC0F800C020EE201A80
:10F0900000EE105ADFED190AB8EE400A20EE200A01
:10F0A00071EE810A70EE800A10EE902A02F500627D
:10F0B0006FF30B0200EE902A70EEE11A31EEC11AE6
:10F0C000DFED101A30EE411A9FED0D0A20EE800A96
:10F0D00001EE210A9FED0C1A00EE810A04BFBDE883
:10F0E000F0017047CCF180510160BDE8F001B1EE54
:10F0F000400A70479C0B0000000000360000802C86
:10F1000022AAFD29DB0FC92F0000C92F02E008C881
:10F11000121F08C1002AFAD170477047002001E091
:10F1200001C1121F002AFBD170470000014908608D
:10F1300070470000801201242DE9FF5F82B000219A
:10F14000DDE90430020DDDF840B0034318D044F689
:10F150001050A2F2FF3242431514119801281FD01B
:10F16000A5EB0B00401C5FEA000A4FF000064E4F73
:10F17000DFF83891B046504615D5CAF1000413E0C7
:10F18000119801244AA3012801D16FEA0B010298CA
:10F19000119AC0E90031C0E9024206B0BDE8F09F13
:10F1A000CBF10000DFE704460021404A491842EB5A
:10F1B0000450CDE9001012E0E00707D032463B468C
:10F1C00040464946F1F71BFA8046894632463B469F
:10F1D00010461946F1F713FA06460F466410002C44
:10F1E000EAD1DDE90401DDE90023BAF1000F06DA16
:10F1F000F1F705FA42464B46F1F701FA05E0F1F75F
:10F2000070FA42464B46F1F76CFA04460E4600226D
:10F21000284BF1F7EDFA03D84FF0FF30014607E035
:10F220000022254B20463146F1F742F9F1F7C8FAA2
:10F23000102409E0002C0ADB0A220023F1F74CF825
:10F24000039B30321A55641E50EA0102F2D1641C4D
:10F25000039AC4F111031444119A012A03D0012224
:10F2600008430DD10AE0084304D000204FF0110BF1
:10F27000119072E7A3EB0B056D1E0DE05B4504DDFD
:10F280004FF0000205F1010504E003DA4FF000023F
:10F29000A5F10105002AECD002981199C0E90231CC
:10F2A000C0E9004579E70000000014400000F03F8D
:10F2B000300000000000F0430000E03F2DE9FF4F68
:10F2C00095B09B468946064600250FE2252877D152
:10F2D00000242746F84A0121059400E0044316F86B
:10F2E000013F203B01FA03F01042F7D130782A2881
:10F2F00011D06FF02F033078A0F13002092A16D810
:10F30000059A44F0020402EB820203EB420210442D
:10F31000761C0590EFE759F8042B0592002A03DAD2
:10F32000504244F40054059044F00204761C3078B6
:10F330002E2816D116F8010F44F004042A280DD007
:10F340006FF02F023078A0F13003092B09D807EBBA
:10F35000870302EB4303C718761CF3E759F8047BD5
:10F36000761C30786C280FD006DC4C2817D0682823
:10F370000DD06A2814D104E0742810D07A280FD157
:10F380000DE044F400140AE044F4801401E044F475
:10F3900040147278824202D104F58014761C761CE7
:10F3A000307866280BD013DC582877D009DC002889
:10F3B00075D04528F6D04628F4D047281AD19DE1CB
:10F3C00018E0632835D0642879D0652812D195E1FA
:10F3D000702873D008DC6728F1D069286FD06E28B8
:10F3E0000DD06F2806D1B5E073282CD0752875D0C4
:10F3F000782874D05A46179990476D1C75E1C4F36C
:10F400000250022809D003280DD0D9F80010042892
:10F410000DD00D6009F1040967E1D9F80010EA1771
:10F42000C1E90052F6E7D9F800100D80F2E70D703F
:10F43000F0E719F8041B8DF8001000208DF801008A
:10F44000EA46012003E059F804AB4FF0FF306107B2
:10F450004FF0000102D40DE008F101018846B942E5
:10F460000FDA8045F8DB1AF808100029F4D108E01B
:10F4700008F1010188468142FADB1AF808100029D8
:10F48000F6D105985B46A0EB080721463846179A47
:10F4900000F094FA284400EB080507E04DE029E16C
:10F4A0000DE01AF8010B5A4617999047B8F1010878
:10F4B000F7D25B4621463846179A13E142E00A220A
:10F4C0000092C4F302524FF0000A022A08D059F801
:10F4D00004CB032A4FEAEC710AD00DE029E02AE0C0
:10F4E00009F1070121F00702F2E802C1914609E0A3
:10F4F0000FFA8CFC4FEAEC71042A03D14FFA8CFC12
:10F500004FEAEC71002907DA0A460021DCF1000C11
:10F5100061EB02012D2202E0220504D52B228DF899
:10F520000420012203E0E20701D02022F7E7904601
:10F5300059E00A2102E010220DE010214FF0000AEC
:10F5400000910BE010224FF0000A44F00404082759
:10F55000009203E008224FF0000A0092C4F3025226
:10F56000022A05D059F804CB0021032A08D009E06B
:10F5700009F1070121F00702F2E802C1914605E016
:10F580001FFA8CFC042A01D10CF0FF0C4FF000088C
:10F59000220728D5702806D0009B83F0100353EA79
:10F5A0000A0305D00EE040228DF80420012208E075
:10F5B0005CEA010206D030228DF804208DF80500A7
:10F5C00002229046009B83F0080353EA0A030AD103
:10F5D0005CEA010201D1620705D530228DF80420D2
:10F5E0004FF001087F1E582804D034A003900EA8C5
:10F5F00002900DE036A0F9E753466046009AF0F716
:10F600006BFE84460398825C0298401E0290027052
:10F610005CEA0100F0D1029806A9081A00F1200A5C
:10F62000600702D524F4803400E00127574502DD4D
:10F63000A7EB0A0000E0002000EB0A01009005980B
:10F640004144401A0590E00306D45B462146179AD0
:10F65000059800F0B3F90544002706E001A85A46D2
:10F66000C05D179990476D1C7F1C4745F6DBE00392
:10F670000CD55B462146179A059800F09FF9054482
:10F6800004E030205A46179990476D1C0099481E97
:10F6900000900029F5DC08E0029802995A460078AB
:10F6A000491C0291179990476D1CBAF10001AAF10B
:10F6B000010AF1DC65E10000092801003031323334
:10F6C000343536373839616263646566000000009E
:10F6D0003031323334353637383941424344454688
:10F6E0000000000000F058F90544761C307800282E
:10F6F0007FF4ECAD19B02846BDE8F08F620700D466
:10F70000062709F1070222F0070CFCE80223E14674
:10F7100003F000485FEA080C02D00FF2702C0DE0F5
:10F720005FEA045C02D50FF2682C07E05FEAC47C54
:10F7300002D00FF2602C01E0AFF2700C4FF0FF38F6
:10F7400023F00043CDF850C065280CD006DC4528D6
:10F7500009D046281DD047283DD13DE0662818D065
:10F7600067287ED138E00021112F01DB112000E055
:10F77000781CCDE9000106A90EA8FFF7DDFCDDE944
:10F780000F010E9A03910021009207F1010A0491E2
:10F790004DE04FF000400097CDE9011006A90EA8FA
:10F7A000FFF7CAFCDDE90F0203920E9B11990022BC
:10F7B000DDF80CA00093049211B9791C00EB010A4A
:10F7C000B7EB0A0004D4C0F1FF3007F1010A04903E
:10F7D000AAEB0700019044E0012F00DA0127002185
:10F7E000112F01DD112000E03846CDE9000106A906
:10F7F0000EA8FFF7A1FCDDE90F010E9A039100218D
:10F8000004910092BA4621070CD40399514500DABD
:10F810008A46BAF1010F05DD009AAAF10101515C97
:10F82000302908D0B84202DA10F1040F06DA0121BB
:10F83000CDE9011015E0AAF10101E9E7002805DC96
:10F84000049901440491AAEB000102E0411C5145D6
:10F8500000DD8A460499401A401C01904FF0004098
:10F860000290200704D40198504501DBCDF80480B4
:10F8700000208DF84F0002980DF14F07B0F1004FB6
:10F8800025D02B200E9002984FF0020800280CDAA9
:10F89000404202902D200E9007E00A210298F0F7D6
:10F8A00072FD3031029007F8011DB8F10001A8F196
:10F8B0000108F2DC02980028EFD1791E0E9808703A
:10F8C000307800F0200040F0450007F8020D12A843
:10F8D000C01B00F107081498007800B1012000EB6C
:10F8E0000A01019801EBE07105984144401A401E5D
:10F8F0000590E00306D45B462146179A059800F070
:10F900005DF805441498007818B15A461799904745
:10F910006D1CE00324D55B462146179A059800F03C
:10F920004DF805441CE00498002807DBDDE90301DD
:10F93000884203DD0098405C179901E01799302058
:10F940005A469047049805F10105401C049001981F
:10F95000401E019004D12E205A46179990476D1CE5
:10F96000BAF10001AAF1010ADDDC05E017F8010B8C
:10F970005A46179990476D1CB8F10001A8F101088B
:10F98000F4DC5B462146179A0598ABE62D00000093
:10F990002B000000200000002DE9F0410446002566
:10F9A0001E461746880404D405E039462020B04797
:10F9B0006D1C641EF9D52846BDE8F0812DE9F041A3
:10F9C000044600251E469046C80301D5302700E0B6
:10F9D0002027880404D505E041463846B0476D1C11
:10F9E000641EF9D52846BDE8F0814A68002A06D091
:10F9F0000A68531C0B6010704868401E48607047CE
:10FA00000A68531C0B601070704700000000000073
:10FA10000080513D0070C63D00900D3E0050343EC8
:10FA200000E0573E00D0783E00C08B3E0000000052
:10FA30000AD6A936431C8C37658F7338832DA236BE
:10FA4000121D1F38B3756F38D2535A3800000000AA
:10FA5000000000000000B33FB2BE7D3A00002E401F
:10FA6000DFCF513800007E40BF51FABA00E0A44019
:10FA700019DAC3BA00E0C840C2ED8AB90040EB40D1
:10FA8000CD1F2CBA001006412AFFFABA00C015415A
:10FA9000DFCFD13700D024419A97703A00503341DC
:10FAA00089478E3600404141E75B9D3800B04E41AA
:10FAB000C00A98B900A05B41558F943A0030684164
:10FAC000DA92C0BA0040744162B3C63A0000803F87
:10FAD00000A0853F00908B3F00C0913F0030983FD1
:10FAE00000F09E3F00F0A53F0050AD3F0000B53F45
:10FAF0000000BD3F0060C53F0020CE3F0040D73F23
:10FB000000C0E03F00C0EA3F0020F53F00000000D9
:10FB10007D36AC397D3C3839EBDCF438320A7E393D
:10FB2000124C26399B6AED39A4EE83397F661E3963
:10FB3000F6398A392B426539A48211395B991F390C
:10FB4000C3EECD39DDE7C637A5A22F390000803FCF
:10FB5000C3AA853FC2958B3FD3C3913FF037983FEF
:10FB600032F59E3FD7FEA53F3F58AD3FF304B53F6A
:10FB7000A408BD3F2A67C53F8C24CE3FFD44D73F34
:10FB8000DFCCE03FC7C0EA3F7D25F53F0000000025
:10FB90006E83F9A22915444ED15727FCC0DD34F5F8
:10FBA000999562DB4190433CAB6351FED3FD000865
:10FBB000C1FD0008CAFD0008B8FD000800000000F3
:10FBC0000102030401020304060708090100020000
:10FBD0000400060008000A000C001000200040008D
:10FBE0008000000101010103070100000804020474
:10FBF000080101010A68623E54E3653E7DD0733E10
:10FC000041F1833E840D8F3E1AC09B3E43ADA93E19
:10FC100090A0B83ECC7FC83ED93DD93E158CEA3E77
:10FC2000D122FB3ED0D5063FAE47113F8C4A1A3F4A
:10FC30005474243F32E62E3F27A0393FC1A8443FE9
:10FC400072F94F3F3A925B3F3480673FEE5A723F02
:10FC5000DF4F7D3F3B01853FD8818B3F5530923F41
:10FC60002506993F8E06A03F9031A73F74322E742F
:10FC700078743D22464954204552524F5222FFFF8C
:10FC8000FF007431302E7478743D22252E316622A7
:10FC9000FFFFFF0074392E7478743D22252E3166E3
:10FCA00022FFFFFF0074322E7478743D22257322E8
:10FCB000FFFFFF004649545F4552524F523A206EB3
:10FCC0006F2076616C6964206D6F64656C0D0A004D
:10FCD00053574545505F52454144593A206D6F6432
:10FCE000656C3D25730D0A0053574545505F4641ED
:10FCF000494C45443A206B656570202573206D6F33
:10FD000064656C3D25730D0A004649545F524553A6
:10FD1000554C543A2025732066303D252E30662000
:10FD2000513D252E3266204B3D252E3466206465DC
:10FD30006C61793D252E316675730D0A0053574568
:10FD400045505F5741524E3A20696E76616C696446
:10FD500020726573706F6E73652040256C75487AEC
:10FD60000D0A0053574545505F4552524F523A20B5
:10FD70004144432074696D656F75742F6572726FAD
:10FD8000722040256C75487A0D0A0053574545503E
:10FD90005F5741524E3A20696E70757420616D70E4
:10FDA0006C697475646520746F6F206C6F77204088
:10FDB000256C75487A0D0A0042414E4453544F5009
:10FDC0000042414E44504153530048494748504136
:10FDD0005353004C4F57504153530073302E6964B6
:10FDE0000000000020FE000800000024E0120100D6
:10FDF0002609000898000108E0120124282D0000BF
:10FE00001CF10008000000000000000000000000DD
:10FE100000000000000000000000000000000000E2
:10FE200001FF01FF01FF01FF01FF01FF01FF01FFD2
:10FE300001FF01FF01FF01FF01FF01FF01FF01FFC2
:10FE400001FF01FF01FF01FF01FF01FF01FF01FFB2
:10FE500001FF01FF01FF01FF01FF01FF01FF01FFA2
:10FE600001FF01FF01FF01FF01FF01FF01FF01FF92
:10FE700001FF01FF01FF01FF01FF01FF01FF01FF82
:10FE800001FF01FF01FF01FF01FF01FF01FF01FF72
:10FE900001FF01FF01FF01FF01FF01FF01FF01FF62
:10FEA00001FF01FF01FF01FF01FF01FF01FF01FF52
:10FEB00001FF01FF01FF01FF01FF01FF01FF01FF42
:10FEC00001FF01FF01FF01FF01FF01FF01FF01FF32
:10FED00001FF01FF01FF01FF01FF01FF01FF01FF22
:10FEE00001FF01FF01FF01FF01FF01FF01FF01FF12
:10FEF00001FF01FF01FF01FF01FF01FF01FF01FF02
:10FF000001FF01FF01FF01FF01FF01FF01FF01FFF1
:10FF100001FF01FF01FF01FF01FF01FF01FF01FFE1
:10FF200001FF01FF01FF01FF01FF01FF01FF01FFD1
:10FF300001FF01FF01FF01FF01FF01FF01FF01FFC1
:10FF400001FF01FF01FF01FF01FF01FF01FF01FFB1
:10FF500001FF01FF01FF01FF01FF01FF01FF01FFA1
:10FF600001FF01FF01FF01FF01FF01FF01FF01FF91
:10FF700001FF01FF01FF01FF01FF01FF01FF01FF81
:10FF800001FF01FF01FF01FF01FF01FF01FF01FF71
:10FF900001FF01FF01FF01FF01FF01FF01FF01FF61
:10FFA00001FF01FF01FF01FF01FF01FF01FF01FF51
:10FFB00001FF01FF01FF01FF01FF01FF01FF01FF41
:10FFC00001FF01FF01FF01FF01FF01FF01FF01FF31
:10FFD00001FF01FF01FF01FF01FF01FF01FF01FF21
:10FFE00001FF01FF01FF01FF01FF01FF01FF01FF11
:10FFF00001FF01FF01FF01FF01FF01FF01FF01FF01
:020000040801F1
:1000000001FF01FF01FF01FF01FF01FF01FF01FFF0
:1000100001FF01FF01FF01FF01FF01FF01FF01FFE0
:1000200001FF01FF01FF01FF01FF01FF01FF01FFD0
:1000300001FF01FF01FF01FF01FF01FF01FF01FFC0
:1000400001FF01FF01FF01FF01AD42015210901DB0
:1000500090D0030090D003F0A2AF3AB7B32F3BF09B
:10006000A2AF3A452D95BFA587313E019C22D946C6
:100070000AD7A33DA8352D3F501158BA9950243BBB
:10008000054ADC34E350CDCC4CBE373FFF25097B1D
:08009000420000000000000026
:040000050800029954
:00000001FF
